repo,id,sym,cwe,entity,n_files,additions,deletions,total_changes
Adjerry91/VRCFaceTracking-Templates,5,AF,ICFM,L3,3,3,3,6
AltspaceVR/AltspaceSDK,18,SD,IIV,L3,5,165,3,168
AltspaceVR/AltspaceSDK,21,IC,TDI,L1,6,75,13,88
AltspaceVR/AltspaceSDK,46,SD,ICFM,L5,5,32,29,61
AurelienGttn/DrumVR,4,AF,IIV,L3,4,343,270,613
BasisVR/Basis,5,AF,IIV,L1,13,181,267,448
BasisVR/Basis,25,VF,GCE,L5,2,26,23,49
BasisVR/Basis,27,SD,ICFM,L3,4,70,0,70
BasisVR/Basis,39,IC,ICFM,L3,4,20,15,35
BasisVR/Basis,43,AF,ICFM,L4,1,18,8,26
BasisVR/Basis,62,SD,GCE,L5,1,1,1,2
BasisVR/Basis,63,SD,GCE,L2,5,5,5,10
BasisVR/Basis,70,RA,GCE,L2,1,9,3,12
BasisVR/Basis,76,AF,UPF,L3,1,4,4,8
BasisVR/Basis,191,SD,IIV,L2,1,1,4,5
BasisVR/Basis,344,VF,IIV,L2,2,30,5,35
BasisVR/Basis,351,SD,RLM,L2,1,29,1,30
Bebb-Protocol-and-Apps/PWS,5,IC,TDI,L3,2,74,1,75
Bebb-Protocol-and-Apps/PWS,9,RS,IIV,L3,2,4,3,7
BoiHanny/vrcosc-magicchatbox,23,AF,UPF,L4,1,4,12,16
Bone008/HackerJedi,30,SD,TDI,L3,1,39,28,67
Bone008/HackerJedi,33,VF,UPF,L4,1,66,12,78
Bone008/HackerJedi,60,SD,ICFM,L4,3,7,5,12
CAOR-MINES-ParisTech/colibri-vr-unity-package,6,RA,GCE,L5,3,19,2,21
CertainLach/VivePro2-Linux-Driver,37,VF,GCE,L5,1,1,1,2
Chainsawkitten/Deathcap,167,IC,ICFM,L3,1,14,8,22
Chainsawkitten/Deathcap,344,AF,ICFM,L3,6,38,8,46
Chainsawkitten/Deathcap,411,IC,ICFM,L1,1,1,1,2
Chainsawkitten/Deathcap,741,AF,UPF,L4,8,50,12,62
Chainsawkitten/Deathcap,763,SD,GCE,L3,3,14,3,17
Chainsawkitten/Deathcap,1100,SD,GCE,L4,6,18,424,442
ChrisDenham/osgopenvrviewer,3,VF,GCE,L5,1,1,1,2
DSprtn/GTFO_VR_Plugin,2,VF,IAC,L4,10,39,32,71
DSprtn/GTFO_VR_Plugin,29,VF,UPF,L5,1,1,0,1
DSprtn/GTFO_VR_Plugin,39,VF,ICFM,L3,1,2,5,7
DSprtn/GTFO_VR_Plugin,40,SD,UPF,L3,9,288,154,442
DSprtn/GTFO_VR_Plugin,46,AF,IIV,L3,1,126,1,127
DSprtn/GTFO_VR_Plugin,49,SD,UPF,L2,2,66,3,69
DSprtn/GTFO_VR_Plugin,56,IC,GCE,L1,1,32,1,33
DaXcess/LCVR,104,SD,IIV,L3,2,40,17,57
DaXcess/LCVR,154,VF,ICFM,L2,1,2,23,25
DanielRBowen/UE-VRHands-Template,3,VF,UPF,L5,2,0,0,0
De-Panther/unity-webxr-export,37,RA,RLM,L5,34,736,16,752
De-Panther/unity-webxr-export,40,RS,TDI,L5,1,6,1,7
De-Panther/unity-webxr-export,53,RA,ICFM,L5,9,75,9,84
De-Panther/unity-webxr-export,64,AF,IAC,L4,13,94,109,203
De-Panther/unity-webxr-export,91,VF,GCE,L1,3,6,6,12
De-Panther/unity-webxr-export,108,AF,TDI,L5,11,581,296,877
De-Panther/unity-webxr-export,118,VF,ICFM,L5,6,49,34,83
De-Panther/unity-webxr-export,146,SD,UPF,L5,2,2,2,4
De-Panther/unity-webxr-export,150,SD,ICFM,L2,3,23,23,46
De-Panther/unity-webxr-export,195,RS,ICFM,L1,2,15,8,23
De-Panther/unity-webxr-export,344,AF,GCE,L1,12,32,23,55
Deamoner/spatialjs,8,RA,ICFM,L5,6,49,34,83
Detegr/openRBRVR,4,RA,ICFM,L5,1,6,0,6
Devoxx4KidsDE/workshop-maze-vr,13,IC,IAC,L3,1,6,0,6
Dominux/DGS,14,SD,RLM,L4,4,45,7,52
Dominux/DGS,40,IC,RLM,L3,28,212,152,364
DrBibop/RoR2VRMod,65,VF,ICFM,L1,1,33,19,52
EternalTrail/eeVR,1,RS,ICFM,L5,3,500,384,884
EternalTrail/eeVR,62,RA,GCE,L5,1,1,1,2
EternalTrail/eeVR,69,IC,IIV,L3,1,2,2,4
Eusth/VookaRaylee,3,SD,IAC,L3,6,114,76,190
ExtendRealityLtd/VRTK,167,SD,ICFM,L1,1,26,22,48
ExtendRealityLtd/VRTK,242,IC,ICFM,L1,2,4,0,4
ExtendRealityLtd/VRTK,260,IC,ICFM,L1,4,68,0,68
ExtendRealityLtd/VRTK,303,IC,UPF,L1,6,371,352,723
ExtendRealityLtd/VRTK,352,IC,RLM,L1,2,12,0,12
ExtendRealityLtd/VRTK,356,AF,ICFM,L1,1,33,13,46
ExtendRealityLtd/VRTK,378,SD,ICFM,L3,5,203,7,210
ExtendRealityLtd/VRTK,405,IC,ICFM,L1,3,28,7,35
ExtendRealityLtd/VRTK,448,IC,UPF,L4,11,410,283,693
ExtendRealityLtd/VRTK,454,IC,IAC,L1,1,35,22,57
ExtendRealityLtd/VRTK,455,SD,ICFM,L1,1,17,9,26
ExtendRealityLtd/VRTK,482,AF,RLM,L1,1,9,1,10
ExtendRealityLtd/VRTK,489,IC,ICFM,L1,2,48,31,79
ExtendRealityLtd/VRTK,518,SD,GCE,L4,2,2,2,4
ExtendRealityLtd/VRTK,528,RA,GCE,L3,1,2,1,3
ExtendRealityLtd/VRTK,566,IC,ICFM,L1,1,7,1,8
ExtendRealityLtd/VRTK,570,SD,GCE,L4,5,5,2,7
ExtendRealityLtd/VRTK,610,IC,ICFM,L1,4,26,4,30
ExtendRealityLtd/VRTK,612,AF,UPF,L1,13,493,396,889
ExtendRealityLtd/VRTK,624,AF,TDI,L1,1,3,3,6
ExtendRealityLtd/VRTK,758,RA,ICFM,L5,1,2,2,4
ExtendRealityLtd/VRTK,778,RA,ICFM,L5,1,23,2,25
ExtendRealityLtd/VRTK,783,SD,GCE,L1,1,1,1,2
ExtendRealityLtd/VRTK,789,SD,GCE,L3,1,1,1,2
ExtendRealityLtd/VRTK,792,RS,TDI,L3,1,89,0,89
ExtendRealityLtd/VRTK,798,IC,ICFM,L1,4,36,6,42
ExtendRealityLtd/VRTK,827,SD,GCE,L4,3,6,6,12
ExtendRealityLtd/VRTK,833,RA,RLM,L1,2,2,1,3
ExtendRealityLtd/VRTK,836,IC,IIV,L1,1,11,4,15
ExtendRealityLtd/VRTK,844,IC,RLM,L4,1,15,3,18
ExtendRealityLtd/VRTK,845,AF,IAC,L1,20,666,134,800
ExtendRealityLtd/VRTK,856,IC,RLM,L1,2,48,6,54
ExtendRealityLtd/VRTK,864,IC,TDI,L1,4,55,7,62
ExtendRealityLtd/VRTK,910,IC,GCE,L1,2,47,60,107
ExtendRealityLtd/VRTK,911,IC,ICFM,L1,1,4,0,4
ExtendRealityLtd/VRTK,928,RA,ICFM,L1,1,2,1,3
ExtendRealityLtd/VRTK,942,IC,UPF,L1,5,48,3,51
ExtendRealityLtd/VRTK,946,IC,RLM,L1,2,5,18,23
ExtendRealityLtd/VRTK,949,RA,ICFM,L1,9,204,83,287
ExtendRealityLtd/VRTK,963,SD,ICFM,L3,1,1,1,2
ExtendRealityLtd/VRTK,972,SD,GCE,L1,2,6,2,8
ExtendRealityLtd/VRTK,973,IC,ICFM,L1,1,20,12,32
ExtendRealityLtd/VRTK,978,AF,RLM,L3,1,3,3,6
ExtendRealityLtd/VRTK,985,IC,IIV,L3,2,25,12,37
ExtendRealityLtd/VRTK,995,RA,UPF,L3,1,1,0,1
ExtendRealityLtd/VRTK,1113,SD,ICFM,L3,1,28,1,29
ExtendRealityLtd/VRTK,1117,SD,RLM,L1,1,2,0,2
ExtendRealityLtd/VRTK,1173,AF,RLM,L3,2,90,142,232
ExtendRealityLtd/VRTK,1178,SD,GCE,L3,1,2,2,4
ExtendRealityLtd/VRTK,1202,SD,IIV,L1,2,6,2,8
ExtendRealityLtd/VRTK,1230,IC,IIV,L4,5,20,16,36
ExtendRealityLtd/VRTK,1259,IC,ICFM,L4,8,189,31,220
ExtendRealityLtd/VRTK,1265,SD,GCE,L1,4,27,3,30
ExtendRealityLtd/VRTK,1278,AF,RLM,L4,1,1,3,4
ExtendRealityLtd/VRTK,1307,IC,RLM,L1,1,10,2,12
ExtendRealityLtd/VRTK,1330,IC,ICFM,L1,2,51,14,65
ExtendRealityLtd/VRTK,1352,SD,GCE,L1,6,15,13,28
ExtendRealityLtd/VRTK,1357,RS,TDI,L4,3,23,7,30
ExtendRealityLtd/VRTK,1362,SD,IIV,L3,1,1,1,2
ExtendRealityLtd/VRTK,1407,VF,ICFM,L1,3,11,4,15
ExtendRealityLtd/VRTK,1411,SD,GCE,L1,1,1,1,2
ExtendRealityLtd/VRTK,1413,SD,GCE,L1,2,22,20,42
ExtendRealityLtd/VRTK,1426,SD,RLM,L3,1,17,7,24
ExtendRealityLtd/VRTK,1440,SD,GCE,L4,1,6,6,12
ExtendRealityLtd/VRTK,1454,SD,IIV,L1,12,544,266,810
ExtendRealityLtd/VRTK,1469,SD,TDI,L4,1,0,1,1
ExtendRealityLtd/VRTK,1472,IC,IAC,L4,3,319,155,474
ExtendRealityLtd/VRTK,1473,SD,IIV,L1,2,50,26,76
ExtendRealityLtd/VRTK,1475,SD,GCE,L3,1,7,7,14
ExtendRealityLtd/VRTK,1498,AF,ICFM,L4,1,15,0,15
ExtendRealityLtd/VRTK,1499,SD,ICFM,L1,3,4,3,7
ExtendRealityLtd/VRTK,1508,AF,RLM,L1,3,27,9,36
ExtendRealityLtd/VRTK,1517,SD,ICFM,L4,1,8,1,9
ExtendRealityLtd/VRTK,1530,VF,ICFM,L1,2,20,6,26
ExtendRealityLtd/VRTK,1536,AF,RLM,L1,2,4,0,4
ExtendRealityLtd/VRTK,1537,IC,RLM,L1,1,5,2,7
ExtendRealityLtd/VRTK,1542,IC,IIV,L3,1,11,6,17
ExtendRealityLtd/VRTK,1543,IC,ICFM,L3,2,10,0,10
ExtendRealityLtd/VRTK,1548,AF,IIV,L1,2,8,10,18
ExtendRealityLtd/VRTK,1559,VF,GCE,L5,2,25,2,27
ExtendRealityLtd/VRTK,1563,IC,UPF,L1,2,3,1,4
ExtendRealityLtd/VRTK,1607,SD,IIV,L4,1,68,8,76
ExtendRealityLtd/VRTK,1678,RS,IIV,L3,1,1,1,2
ExtendRealityLtd/VRTK,1694,IC,ICFM,L1,1,129,32,161
ExtendRealityLtd/VRTK,1741,SD,IIV,L5,3,48,0,48
ExtendRealityLtd/VRTK,1821,AF,UPF,L3,1,1,1,2
ExtendRealityLtd/VRTK,1866,IC,ICFM,L1,3,3,0,3
ExtendRealityLtd/VRTK,1911,IC,ICFM,L1,2,8,6,14
ExtendRealityLtd/VRTK,1988,IC,ICFM,L1,1,4,0,4
ExtendRealityLtd/VRTK,2018,IC,TDI,L1,1,1,1,2
ExtendRealityLtd/VRTK,2027,IC,ICFM,L1,1,4,2,6
ExtendRealityLtd/VRTK,2032,IC,RLM,L1,8,776,197,973
ExtendRealityLtd/VRTK,2038,IC,RLM,L1,8,408,312,720
ExtendRealityLtd/VRTK.Prefabs,9,IC,ICFM,L1,1,3,0,3
EyeTrackVR/EyeTrackVR,19,AF,ICFM,L3,2,6,4,10
EyeTrackVR/EyeTrackVR,24,IC,UPF,L3,7,375,4,379
EyeTrackVR/EyeTrackVR,80,VF,IIV,L1,2,88,59,147
FireFlyForLife/rlOpenXR,1,VF,RLM,L5,5,22,13,35
GodotVR/godot-xr-tools,69,SD,ICFM,L5,1,32,4,36
GodotVR/godot-xr-tools,109,AF,UPF,L3,8,187,27,214
GodotVR/godot-xr-tools,211,RA,GCE,L5,1,15,5,20
GodotVR/godot-xr-tools,216,VF,IIV,L1,1,1,0,1
GodotVR/godot-xr-tools,227,SD,ICFM,L5,2,16,4,20
GodotVR/godot-xr-tools,405,RA,UPF,L4,1,1,0,1
GodotVR/godot-xr-tools,445,AF,UPF,L3,4,79,38,117
GodotVR/godot-xr-tools,532,IC,ICFM,L3,1,2,1,3
GodotVR/godot-xr-tools,573,VF,ICFM,L1,2,19,2,21
GodotVR/godot-xr-tools,608,SD,IIV,L4,4,11,3,14
GodotVR/godot-xr-tools,746,VF,ICFM,L5,1,2,2,4
GodotVR/godot-xr-tools,748,AF,IAC,L4,1,3,0,3
GodotVR/godot-xr-tools,754,IC,IAC,L1,1,2,2,4
GodotVR/godot-xr-tools,756,SD,RLM,L4,4,48,20,68
GodotVR/godot_openvr,106,SD,GCE,L5,2,5,2,7
GodotVR/godot_openxr_for_godot_3.x,8,VF,IIV,L5,1,1,1,2
GodotVR/godot_openxr_vendors,122,SD,IIV,L4,15,424,17,441
GodotVR/godot_openxr_vendors,252,AF,UPF,L4,1,3,1,4
HARPLab/DReyeVR,6,SD,IIV,L1,27,416,86,502
HIVE-ResearchGroup/OpenXR_Varjo_Template,19,SD,IIV,L5,3,6,2,8
HipsterSloth/PSMoveSteamVRBridge,4,SD,GCE,L1,1,5,4,9
Hotrian/OpenVRDesktopDisplayPortal,7,AF,ICFM,L3,46,257,74,331
Hotrian/OpenVRDesktopDisplayPortal,25,SD,RLM,L4,49,231,93,324
Hotrian/OpenVRDesktopDisplayPortal,38,AF,UPF,L3,21,91,24,115
Hotrian/OpenVRDesktopDisplayPortal,44,SD,ICFM,L1,64,692,73,765
IBM/vr-speech-sandbox-rift,17,RS,TDI,L5,20,76,68,144
IdeaSpaceVR/IdeaSpace,70,IC,IAC,L3,1,1,1,2
IdeaSpaceVR/aframe-particle-system-component,57,AF,IIV,L4,2,2,2,4
JAYESHBATRA/Virtuo-Learn,32,AF,UPF,L3,2,24,3,27
JAYESHBATRA/Virtuo-Learn,53,AF,UPF,L3,6,13,13,26
JAYESHBATRA/Virtuo-Learn,62,AF,UPF,L3,1,6,0,6
JAYESHBATRA/Virtuo-Learn,63,AF,IIV,L3,27,27,25,52
JAYESHBATRA/Virtuo-Learn,78,SD,UPF,L3,3,4,4,8
JAYESHBATRA/Virtuo-Learn,98,AF,UPF,L3,1,1,2,3
JAYESHBATRA/Virtuo-Learn,111,AF,UPF,L3,2,4,4,8
JAYESHBATRA/Virtuo-Learn,119,SD,UPF,L3,1,31,13,44
JAYESHBATRA/Virtuo-Learn,135,SD,UPF,L3,1,55,13,68
JAYESHBATRA/Virtuo-Learn,146,AF,UPF,L3,2,101,39,140
JAYESHBATRA/Virtuo-Learn,183,SD,IIV,L3,4,4,4,8
JAYESHBATRA/Virtuo-Learn,188,AF,TDI,L3,3,20,1,21
JAYESHBATRA/Virtuo-Learn,194,AF,UPF,L3,1,1,1,2
JAYESHBATRA/Virtuo-Learn,202,AF,UPF,L3,3,12,2,14
JAYESHBATRA/Virtuo-Learn,213,AF,UPF,L3,3,77,15,92
JAYESHBATRA/Virtuo-Learn,216,AF,UPF,L3,3,27,10,37
JAYESHBATRA/Virtuo-Learn,221,SD,UPF,L3,5,35,1,36
JAYESHBATRA/Virtuo-Learn,249,AF,UPF,L3,1,3,1,4
JAYESHBATRA/Virtuo-Learn,252,SD,UPF,L3,1,4,1,5
JAYESHBATRA/Virtuo-Learn,264,SD,UPF,L3,1,2,0,2
JAYESHBATRA/Virtuo-Learn,271,AF,UPF,L3,7,13,13,26
JAYESHBATRA/Virtuo-Learn,280,AF,UPF,L3,1,8,0,8
JAYESHBATRA/Virtuo-Learn,320,AF,UPF,L3,2,202,118,320
JAYESHBATRA/Virtuo-Learn,353,AF,UPF,L3,3,103,64,167
JAYESHBATRA/Virtuo-Learn,362,AF,UPF,L3,2,26,23,49
JohnBacho/VIBES-LAB,17,SD,GCE,L3,3,9,119,128
Kariaro/VRigUnity,55,AF,UPF,L5,6,31,30,61
Kariaro/VRigUnity,97,AF,IIV,L3,12,118,14,132
KhronosGroup/OpenXR-CTS,25,RA,GCE,L5,2,27,21,48
KozGit/DOOM-3-BFG-VR,17,VF,RLM,L5,6,10,2,12
KozGit/DOOM-3-BFG-VR,18,VF,ICFM,L5,6,113,43,156
KozGit/DOOM-3-BFG-VR,30,SD,ICFM,L4,1,7,7,14
KozGit/DOOM-3-BFG-VR,35,SD,IAC,L2,5,108,18,126
KozGit/DOOM-3-BFG-VR,62,IC,IAC,L1,1,1,1,2
KozGit/DOOM-3-BFG-VR,82,RS,ICFM,L5,11,144,58,202
KozGit/DOOM-3-BFG-VR,97,SD,ICFM,L4,10,39,26,65
KozGit/DOOM-3-BFG-VR,120,RS,TDI,L5,5,9,18,27
KozGit/DOOM-3-BFG-VR,128,SD,IAC,L1,1,1,1,2
KozGit/DOOM-3-BFG-VR,130,IC,RLM,L3,4,76,16,92
KozGit/DOOM-3-BFG-VR,164,RS,IAC,L1,1,1,1,2
KozGit/DOOM-3-BFG-VR,171,SD,IAC,L4,1,14,0,14
KozGit/DOOM-3-BFG-VR,174,IC,IAC,L1,3,13,6,19
KozGit/DOOM-3-BFG-VR,175,IC,TDI,L3,2,15,6,21
KozGit/DOOM-3-BFG-VR,192,IC,TDI,L1,8,178,85,263
KozGit/DOOM-3-BFG-VR,193,SD,UPF,L2,1,69,1,70
KozGit/DOOM-3-BFG-VR,278,SD,GCE,L2,2,46,9,55
LivingFray/HaloCEVR,33,SD,UPF,L3,1,1,1,2
LivingFray/HaloCEVR,100,SD,GCE,L3,1,1,1,2
Logitech/labs_mrkeyboard_sdk,1,SD,UPF,L5,4,0,0,0
LucidVR/opengloves-driver,103,AF,GCE,L1,1,1,1,2
Lynx-MR/UnitySDK,13,IC,ICFM,L3,4,120,15,135
Mattshark89/OpenFlight-VRC,27,SD,GCE,L2,3,17,2,19
Mattshark89/OpenFlight-VRC,30,RS,GCE,L2,1,6,4,10
Mattshark89/OpenFlight-VRC,109,SD,RLM,L2,1,15,3,18
MephestoKhaan/HandPosing,25,IC,ICFM,L1,2,3,35,38
MerryPlace/NMSVRscreenshotfix-GUI-Version,8,AF,UPF,L3,2,109,74,183
MindPort-GmbH/VR-Builder,81,IC,IAC,L2,1,33,8,41
MindPort-GmbH/VR-Builder,262,IC,ICFM,L1,2,2,4,6
MolotovCherry/virtual-display-rs,18,RA,IAC,L5,8,73,49,122
MolotovCherry/virtual-display-rs,24,AF,GCE,L3,1,1,1,2
MozillaReality/WebXR-emulator-extension,32,VF,GCE,L1,2,4,4,8
MozillaReality/WebXR-emulator-extension,77,AF,RLM,L1,1,51,1,52
MozillaReality/WebXR-emulator-extension,96,AF,ICFM,L3,1,17,2,19
MozillaReality/WebXR-emulator-extension,121,IC,TDI,L1,3,342,116,458
MozillaReality/WebXR-emulator-extension,138,AF,RLM,L5,1,48,2,50
MozillaReality/WebXR-emulator-extension,184,IC,ICFM,L1,5,379,45,424
MozillaReality/WebXR-emulator-extension,186,VF,GCE,L5,1,1,5,6
MozillaReality/WebXR-emulator-extension,199,SD,IIV,L1,2,45,18,63
MozillaReality/WebXR-emulator-extension,219,AF,ICFM,L3,2,17,3,20
NeoSpark314/BeepSaber,1,IC,IAC,L2,1,2,2,4
NeoSpark314/BeepSaber,3,AF,RLM,L3,2,21,3,24
NeoSpark314/BeepSaber,6,AF,RLM,L3,1,5,0,5
NeoSpark314/BeepSaber,16,IC,ICFM,L3,1,4,5,9
NeoSpark314/godot_oculus_quest_toolkit,16,RA,GCE,L4,1,1,1,2
NeoSpark314/godot_oculus_quest_toolkit,20,IC,ICFM,L1,1,4,3,7
NeoSpark314/godot_oculus_quest_toolkit,22,SD,ICFM,L3,2,26,18,44
NeoSpark314/godot_oculus_quest_toolkit,61,SD,GCE,L2,3,7,18,25
NgoJunHaoJason/CZ4001,43,SD,IIV,L4,13,190,26,216
Nyabsi/VRCAA,76,AF,IIV,L3,26,33,0,33
Okabintaro/SubmersedVR,8,SD,ICFM,L3,2,5,3,8
Okabintaro/SubmersedVR,9,RS,GCE,L5,1,66,0,66
Okabintaro/SubmersedVR,14,VF,IIV,L2,1,16,15,31
Okabintaro/SubmersedVR,16,AF,ICFM,L1,3,1,18,19
OpenHMD/OpenHMD,4,AF,RLM,L5,1,2,0,2
OpenHMD/OpenHMD,219,VF,ICFM,L5,2,7,0,7
OpenKneeboard/OpenKneeboard,40,AF,ICFM,L3,5,459,188,647
OpenKneeboard/OpenKneeboard,56,AF,GCE,L3,1,13,1,14
OpenKneeboard/OpenKneeboard,106,VF,UPF,L3,1,102,77,179
OpenKneeboard/OpenKneeboard,128,IC,ICFM,L3,1,1,0,1
OpenKneeboard/OpenKneeboard,146,SD,ICFM,L3,4,20,0,20
OpenKneeboard/OpenKneeboard,213,IC,RLM,L3,17,254,150,404
OpenKneeboard/OpenKneeboard,258,SD,IIV,L3,21,374,77,451
OpenKneeboard/OpenKneeboard,359,RA,UPF,L5,14,98,53,151
OpenKneeboard/OpenKneeboard,417,SD,GCE,L3,2,6,8,14
OpenKneeboard/OpenKneeboard,443,SD,GCE,L3,4,32,12,44
OpenKneeboard/OpenKneeboard,491,AF,GCE,L3,1,2,2,4
OpenKneeboard/OpenKneeboard,506,SD,RLM,L3,3,88,46,134
OpenKneeboard/OpenKneeboard,517,AF,RLM,L3,4,42,10,52
OpenKneeboard/OpenKneeboard,797,SD,RLM,L5,3,11,22,33
OpenVR-Advanced-Settings/OpenVR-AdvancedSettings,16,AF,ICFM,L3,8,147,40,187
OpenVR-Advanced-Settings/OpenVR-AdvancedSettings,33,AF,ICFM,L3,1,3,3,6
OpenVR-Advanced-Settings/OpenVR-AdvancedSettings,101,AF,RLM,L1,14,425,77,502
OpenVR-Advanced-Settings/OpenVR-AdvancedSettings,106,IC,RLM,L3,3,7,3,10
OpenVR-Advanced-Settings/OpenVR-AdvancedSettings,133,SD,ICFM,L1,8,40,13,53
OpenVR-Advanced-Settings/OpenVR-AdvancedSettings,145,IC,ICFM,L1,8,460,63,523
OpenVR-Advanced-Settings/OpenVR-AdvancedSettings,237,SD,UPF,L3,7,144,12,156
OpenVR-Advanced-Settings/OpenVR-AdvancedSettings,264,IC,IAC,L3,5,67,77,144
OpenVR-Advanced-Settings/OpenVR-AdvancedSettings,311,AF,RLM,L3,24,865,104,969
OpenVR-Advanced-Settings/OpenVR-AdvancedSettings,319,AF,TDI,L5,3,14,14,28
OpenVR-Advanced-Settings/OpenVR-AdvancedSettings,401,AF,UPF,L3,13,66,22,88
OpenVR-Advanced-Settings/OpenVR-AdvancedSettings,412,AF,IAC,L3,5,72,52,124
OpenVR-Advanced-Settings/OpenVR-AdvancedSettings,458,SD,ICFM,L3,24,419,289,708
OpenVR-Advanced-Settings/OpenVR-AdvancedSettings,482,VF,UPF,L1,10,164,79,243
OpenVR-Advanced-Settings/OpenVR-AdvancedSettings,503,SD,ICFM,L2,2,29,4,33
OpenVR-Advanced-Settings/OpenVR-AdvancedSettings,560,SD,GCE,L3,1,3,3,6
PhoneVR-Developers/PhoneVR,82,VF,IAC,L5,4,18,2,20
PhoneVR-Developers/PhoneVR,323,VF,IIV,L5,1,14,8,22
PlumCantaloupe/circlesxr,8,IC,RLM,L4,10,248,5,253
PlumCantaloupe/circlesxr,17,IC,IAC,L1,5,84,70,154
PlumCantaloupe/circlesxr,48,IC,RLM,L1,13,20,45,65
PlumCantaloupe/circlesxr,54,AF,UPF,L5,21,376,94,470
PlumCantaloupe/circlesxr,161,SD,UPF,L4,10,26,10,36
PlumCantaloupe/circlesxr,209,SD,TDI,L3,8,382,173,555
Project-Babble/Baballonia,122,VF,ICFM,L5,1,11,13,24
Project-Babble/Baballonia,138,AF,UPF,L3,3,44,9,53
Project-Babble/ProjectBabble,4,VF,IAC,L5,6,394,322,716
Project-Babble/ProjectBabble,114,IC,ICFM,L3,1,1,6,7
REDSIM/VRCLightVolumes,54,RA,ICFM,L4,3,4,7,11
RViMLab/vrviz,17,SD,GCE,L3,1,8,8,16
Raicuparta/nomai-vr,98,RA,UPF,L5,1,7,0,7
Raicuparta/nomai-vr,99,SD,ICFM,L3,1,32,12,44
Raicuparta/nomai-vr,118,SD,GCE,L5,1,3,1,4
Raicuparta/nomai-vr,142,IC,ICFM,L1,1,10,1,11
Raicuparta/nomai-vr,192,SD,ICFM,L3,2,21,6,27
Raicuparta/nomai-vr,218,IC,IAC,L1,1,22,9,31
Raicuparta/nomai-vr,238,AF,UPF,L3,1,19,0,19
Raicuparta/nomai-vr,243,RA,ICFM,L3,15,271,111,382
Raicuparta/nomai-vr,251,AF,UPF,L3,4,163,55,218
Raicuparta/nomai-vr,265,IC,UPF,L3,1,13,2,15
Raicuparta/nomai-vr,269,SD,UPF,L3,4,19,3,22
Raicuparta/nomai-vr,287,SD,ICFM,L1,2,50,23,73
Raicuparta/nomai-vr,356,IC,ICFM,L2,1,5,8,13
Raicuparta/nomai-vr,372,IC,IAC,L1,1,0,10,10
Raicuparta/nomai-vr,385,VF,RLM,L5,2,19,7,26
Raicuparta/nomai-vr,391,VF,IAC,L5,1,45,20,65
Raicuparta/nomai-vr,402,RA,ICFM,L4,3,26,0,26
Raicuparta/nomai-vr,408,SD,RLM,L5,5,81,28,109
Raicuparta/two-forks-vr,27,SD,TDI,L2,5,10,5,15
Raicuparta/two-forks-vr,57,RA,UPF,L3,1,1,0,1
Raicuparta/two-forks-vr,83,SD,RLM,L4,1,8,13,21
Raicuparta/two-forks-vr,128,IC,TDI,L3,33,516,246,762
Raicuparta/two-forks-vr,131,AF,ICFM,L3,1,13,0,13
Raicuparta/two-forks-vr,132,IC,ICFM,L3,1,2,12,14
Raicuparta/two-forks-vr,157,AF,TDI,L3,22,338,114,452
Raicuparta/two-forks-vr,175,RA,RLM,L4,4,38,16,54
Raicuparta/two-forks-vr,184,VF,ICFM,L5,12,85,321,406
Raicuparta/two-forks-vr,215,SD,ICFM,L1,2,8,1,9
Raphiiko/OyasumiVR,105,AF,UPF,L3,1,2,2,4
Raphiiko/OyasumiVR,159,AF,UPF,L3,1,2,2,4
ReactVision/viro,272,IC,IAC,L1,8,26,10,36
Sacchan-VRC/MS-VRCSA-Billiards,8,SD,GCE,L4,3,9,9,18
Sacchan-VRC/MS-VRCSA-Billiards,14,SD,RLM,L4,1,1,0,1
Samsung/GearVRf,3,RA,IIV,L3,4,59,25,84
Samsung/GearVRf,123,RA,ICFM,L4,2,112,19,131
Samsung/GearVRf,257,IC,RLM,L3,4,38,34,72
Samsung/GearVRf,280,SD,GCE,L4,1,4,2,6
Samsung/GearVRf,306,VF,ICFM,L5,2,30,31,61
Samsung/GearVRf,311,RS,ICFM,L5,1,1,0,1
Samsung/GearVRf,413,AF,ICFM,L4,6,117,25,142
Samsung/GearVRf,448,RA,RLM,L4,3,50,38,88
Samsung/GearVRf,471,RS,IAC,L5,6,65,29,94
Samsung/GearVRf,506,RA,IIV,L5,1,24,2,26
Samsung/GearVRf,510,VF,GCE,L5,1,1,1,2
Samsung/GearVRf,534,AF,IIV,L4,1,1,0,1
Samsung/GearVRf,617,AF,TDI,L4,6,418,209,627
Samsung/GearVRf,677,RS,RLM,L4,1,20,11,31
Samsung/GearVRf,812,VF,RLM,L1,10,63,76,139
Samsung/GearVRf,884,RA,GCE,L5,2,6,6,12
Samsung/GearVRf,1181,RA,IAC,L5,1,20,23,43
Samsung/GearVRf,1355,RA,ICFM,L5,6,96,18,114
Samsung/GearVRf,1415,RA,ICFM,L4,2,2,4,6
Samsung/GearVRf,1444,VF,RLM,L5,19,114,79,193
Samsung/GearVRf,1550,AF,TDI,L3,9,16,8,24
Samsung/GearVRf,1553,RS,IAC,L5,1,6,4,10
Samsung/GearVRf,1668,RA,ICFM,L5,1,13,5,18
Samsung/GearVRf,1875,RA,IIV,L4,3,2,2,4
Samsung/GearVRf,1899,SD,RLM,L4,5,65,39,104
SlimeVR/SlimeVR-Rust,204,SD,ICFM,L3,5,5,4,9
SlimeVR/SlimeVR-Server,5,AF,RLM,L3,5,103,9,112
SlimeVR/SlimeVR-Server,22,SD,UPF,L2,4,71,21,92
SlimeVR/SlimeVR-Server,206,SD,ICFM,L2,2,162,88,250
SlimeVR/SlimeVR-Server,352,SD,UPF,L3,1,1,1,2
SlimeVR/SlimeVR-Server,406,AF,UPF,L3,2,2,2,4
SlimeVR/SlimeVR-Server,467,AF,UPF,L3,2,85,106,191
SlimeVR/SlimeVR-Server,492,AF,GCE,L3,1,1,1,2
SlimeVR/SlimeVR-Server,567,AF,UPF,L3,3,21,19,40
SlimeVR/SlimeVR-Server,568,AF,IIV,L3,1,5,6,11
SlimeVR/SlimeVR-Server,569,VF,IIV,L3,3,18,12,30
SlimeVR/SlimeVR-Server,571,AF,IAC,L3,5,65,7,72
SlimeVR/SlimeVR-Server,602,SD,GCE,L2,6,56,8,64
SlimeVR/SlimeVR-Server,651,SD,IIV,L3,1,3,3,6
SlimeVR/SlimeVR-Server,657,AF,IAC,L3,4,7,8,15
SlimeVR/SlimeVR-Server,660,SD,GCE,L3,2,2,2,4
SlimeVR/SlimeVR-Server,744,AF,ICFM,L3,6,66,21,87
SlimeVR/SlimeVR-Server,804,SD,GCE,L4,4,45,14,59
SlimeVR/SlimeVR-Server,810,AF,UPF,L3,1,1,1,2
SlimeVR/SlimeVR-Server,873,IC,ICFM,L3,1,10,0,10
SlimeVR/SlimeVR-Server,967,IC,GCE,L2,1,37,35,72
SlimeVR/SlimeVR-Server,1014,SD,IAC,L2,51,249,242,491
SlimeVR/SlimeVR-Server,1052,RA,UPF,L3,1,1,1,2
SlimeVR/SlimeVR-Server,1075,AF,UPF,L3,1,1,1,2
SlimeVR/SlimeVR-Server,1077,AF,UPF,L3,2,41,22,63
SlimeVR/SlimeVR-Server,1103,AF,UPF,L3,4,5,5,10
SlimeVR/SlimeVR-Server,1105,SD,ICFM,L3,3,6,3,9
SlimeVR/SlimeVR-Server,1107,AF,UPF,L3,1,3,4,7
SlimeVR/SlimeVR-Server,1108,AF,UPF,L3,1,27,2,29
SlimeVR/SlimeVR-Server,1120,IC,ICFM,L3,1,1,1,2
SlimeVR/SlimeVR-Server,1138,SD,UPF,L3,1,1,1,2
SlimeVR/SlimeVR-Server,1170,AF,UPF,L3,1,2,2,4
SlimeVR/SlimeVR-Server,1179,SD,IAC,L3,6,103,11,114
SlimeVR/SlimeVR-Server,1180,AF,RLM,L3,8,80,15,95
SlimeVR/SlimeVR-Server,1191,AF,UPF,L3,2,29,6,35
SlimeVR/SlimeVR-Server,1243,VF,GCE,L2,35,606,28,634
SlimeVR/SlimeVR-Server,1294,VF,ICFM,L3,3,34,38,72
SlimeVR/SlimeVR-Server,1352,VF,ICFM,L2,4,41,83,124
SlimeVR/SlimeVR-Server,1383,SD,IIV,L2,2,21,1,22
SlimeVR/SlimeVR-Server,1410,AF,IIV,L3,6,52,40,92
SlimeVR/SlimeVR-Server,1449,AF,UPF,L3,1,54,38,92
SlimeVR/SlimeVR-Server,1503,SD,UPF,L3,1,3,3,6
StereoKit/StereoKit,122,AF,IAC,L3,8,118,20,138
StereoKit/StereoKit,138,RA,TDI,L5,7,128,29,157
StereoKit/StereoKit,204,IC,IIV,L1,1,42,0,42
StereoKit/StereoKit,240,SD,ICFM,L4,1,26,0,26
StereoKit/StereoKit,248,SD,GCE,L3,1,1,1,2
StereoKit/StereoKit,274,SD,UPF,L3,4,86,48,134
StereoKit/StereoKit,399,SD,GCE,L4,10,82,38,120
StereoKit/StereoKit,425,VF,GCE,L3,5,39,17,56
StereoKit/StereoKit,440,RA,GCE,L3,1,0,1,1
StereoKit/StereoKit,448,SD,ICFM,L3,1,1,1,2
StereoKit/StereoKit,540,AF,IAC,L3,8,106,29,135
StereoKit/StereoKit,552,IC,UPF,L3,4,14,4,18
StereoKit/StereoKit,567,SD,IAC,L4,10,120,44,164
StereoKit/StereoKit,571,AF,IIV,L3,5,94,68,162
StereoKit/StereoKit,583,SD,IAC,L3,3,6,7,13
StereoKit/StereoKit,594,VF,TDI,L5,1,0,1,1
StereoKit/StereoKit,599,IC,ICFM,L3,2,17,9,26
StereoKit/StereoKit,715,IC,RLM,L1,5,22,556,578
StereoKit/StereoKit,773,AF,RLM,L3,4,127,24,151
StereoKit/StereoKit,791,AF,UPF,L3,4,210,0,210
StereoKit/StereoKit,795,AF,UPF,L3,9,186,105,291
StereoKit/StereoKit,817,VF,GCE,L5,1,2,1,3
StereoKit/StereoKit,826,SD,GCE,L3,1,5,4,9
StereoKit/StereoKit,860,RA,IAC,L5,2,4,11,15
StereoKit/StereoKit,894,AF,RLM,L3,2,4,8,12
StereoKit/StereoKit,899,AF,RLM,L2,8,122,24,146
StereoKit/StereoKit,920,SD,UPF,L1,2,55,30,85
StereoKit/StereoKit,972,AF,UPF,L3,5,67,82,149
StereoKit/StereoKit,1010,SD,IAC,L3,16,350,147,497
StereoKit/StereoKit,1021,IC,ICFM,L3,2,14,6,20
StereoKit/StereoKit,1039,VF,GCE,L5,1,2,2,4
StereoKit/StereoKit,1059,SD,GCE,L5,2,8,6,14
StereoKit/StereoKit,1082,AF,ICFM,L2,2,7,17,24
StereoKit/StereoKit,1093,AF,IIV,L3,13,555,209,764
StereoKit/StereoKit,1094,AF,GCE,L3,9,81,53,134
StereoKit/StereoKit,1102,RA,GCE,L5,1,8,7,15
StereoKit/StereoKit,1131,RA,UPF,L3,4,34,48,82
StereoKit/StereoKit,1150,SD,GCE,L3,2,44,42,86
StereoKit/StereoKit,1225,VF,RLM,L5,2,20,0,20
StereoKit/StereoKit,1247,SD,GCE,L5,1,2,1,3
StereoKit/StereoKit,1248,AF,GCE,L2,1,2,2,4
StereoKit/StereoKit,1277,VF,RLM,L5,3,6,1,7
Supreeeme/xrizer,21,VF,ICFM,L5,1,107,19,126
Supreeeme/xrizer,66,VF,ICFM,L5,1,11,4,15
Supreeeme/xrizer,98,IC,RLM,L1,6,349,11,360
Supreeeme/xrizer,105,IC,ICFM,L1,12,557,328,885
Supreeeme/xrizer,108,IC,IAC,L1,2,76,78,154
Supreeeme/xrizer,146,IC,RLM,L1,5,244,10,254
Supreeeme/xrizer,150,IC,IIV,L1,1,31,10,41
Supreeeme/xrizer,164,RS,TDI,L5,1,19,1,20
TheNexusAvenger/Nexus-VR-Character-Model,35,AF,RLM,L2,1,73,24,97
TomorrowTodayLabs/NewtonVR,73,SD,GCE,L1,1,7,1,8
Unity-Technologies/EditorXR,4,SD,TDI,L4,2076,442,142,584
Unity-Technologies/EditorXR,34,SD,UPF,L3,8,86,32,118
Unity-Technologies/EditorXR,70,AF,UPF,L3,11,342,210,552
Unity-Technologies/EditorXR,86,SD,RLM,L4,4,11,4,15
Unity-Technologies/EditorXR,110,AF,IAC,L3,2,4,1,5
Unity-Technologies/EditorXR,131,IC,IIV,L3,1,1,1,2
Unity-Technologies/EditorXR,156,RA,RLM,L5,3,27,16,43
Unity-Technologies/EditorXR,165,AF,UPF,L3,3,3,0,3
Unity-Technologies/EditorXR,166,AF,UPF,L3,1,4,0,4
Unity-Technologies/EditorXR,242,IC,ICFM,L1,1,3,1,4
Unity-Technologies/EditorXR,248,AF,ICFM,L3,2,30,5,35
Unity-Technologies/EditorXR,252,SD,RLM,L3,8,75,75,150
Unity-Technologies/EditorXR,286,SD,RLM,L4,6,24,24,48
Unity-Technologies/EditorXR,291,SD,RLM,L3,2,4,1,5
Unity-Technologies/EditorXR,327,AF,UPF,L3,7,25,9,34
Unity-Technologies/EditorXR,328,IC,ICFM,L1,2,8,4,12
Unity-Technologies/EditorXR,331,IC,ICFM,L3,1,4,0,4
Unity-Technologies/EditorXR,344,VF,GCE,L5,1,1,1,2
Unity-Technologies/EditorXR,371,AF,GCE,L3,1,1,2,3
Unity-Technologies/EditorXR,372,RA,ICFM,L4,1,1,6,7
Unity-Technologies/EditorXR,376,IC,IIV,L3,3,16,20,36
Unity-Technologies/EditorXR,389,RA,ICFM,L3,2,101,50,151
Unity-Technologies/EditorXR,409,AF,IAC,L3,1,2,2,4
Unity-Technologies/EditorXR,411,VF,GCE,L2,1,1,1,2
Unity-Technologies/EditorXR,418,SD,ICFM,L3,2,6,3,9
Unity-Technologies/EditorXR,432,IC,RLM,L3,1,51,18,69
Unity-Technologies/EditorXR,442,VF,RLM,L5,1,10,0,10
Unity-Technologies/EditorXR,445,SD,ICFM,L4,2,18,9,27
Unity-Technologies/EditorXR,487,RS,ICFM,L5,1,1,1,2
Unity-Technologies/EditorXR,509,AF,GCE,L3,1,3,0,3
Unity-Technologies/EditorXR,511,SD,GCE,L2,1,3,3,6
Unity-Technologies/EditorXR,514,VF,GCE,L5,1,5,5,10
Unity-Technologies/EditorXR,515,AF,RLM,L3,3,51,6,57
Unity-Technologies/EditorXR,517,SD,ICFM,L3,2,9,9,18
Unity-Technologies/EditorXR,520,VF,ICFM,L1,1,6,1,7
Unity-Technologies/EditorXR,524,IC,ICFM,L1,2,28,2,30
Unity-Technologies/EditorXR,550,IC,ICFM,L1,1,3,1,4
Unity-Technologies/probuilder-vr,18,VF,RLM,L5,1,17,0,17
Unity-Technologies/probuilder-vr,26,SD,IIV,L1,2,10,11,21
Unity-Technologies/probuilder-vr,32,VF,ICFM,L5,1,1,0,1
V-Sekai/v-sekai-game,348,AF,IIV,L5,3,3,27,30
V-Sekai/v-sekai-game,349,AF,UPF,L5,13,74,19,93
VRCBilliards/vrcbce,28,AF,UPF,L3,3,30,180,210
VRCBilliards/vrcbce,53,AF,UPF,L3,1,2,2,4
VRCBilliards/vrcbce,73,VF,GCE,L3,1,2,2,4
VRCBilliards/vrcbce,85,IC,ICFM,L4,1,1,1,2
VRCFury/VRCFury,153,AF,ICFM,L3,2,27,18,45
VRCFury/VRCFury,176,IC,ICFM,L3,3,6,0,6
VRCFury/VRCFury,236,SD,RLM,L3,1,5,1,6
VRCFury/VRCFury,247,IC,ICFM,L3,1,12,0,12
VRCFury/VRCFury,279,SD,IIV,L2,1,7,1,8
VRMADA/ultimatexr-unity,11,SD,GCE,L2,1,11,4,15
VRMADA/ultimatexr-unity,27,IC,IAC,L1,2,6,2,8
VRMADA/ultimatexr-unity,56,IC,ICFM,L1,1,9,1,10
VRMADA/ultimatexr-unity,57,SD,GCE,L1,2,2,1,3
ValveSoftware/steam-audio,323,SD,IAC,L5,1,10,2,12
ValveSoftware/steam-audio,458,SD,IAC,L4,1,3,1,4
ValveSoftware/steamvr_unreal_plugin,11,IC,ICFM,L1,3,83,8,91
ValveSoftware/steamvr_unreal_plugin,12,IC,IAC,L1,2,71,7,78
ViveSoftware/ViveInputUtility-Unity,16,IC,ICFM,L3,34,540,243,783
ViveSoftware/ViveInputUtility-Unity,28,IC,ICFM,L1,4,11,7,18
ViveSoftware/ViveInputUtility-Unity,90,IC,IIV,L1,1,1,2,3
ViveSoftware/ViveInputUtility-Unity,91,IC,IIV,L1,5,70,4,74
ViveSoftware/ViveInputUtility-Unity,95,SD,RLM,L1,2,5,4,9
ViveSoftware/ViveInputUtility-Unity,104,SD,TDI,L5,3,39,0,39
ViveSoftware/ViveInputUtility-Unity,110,SD,GCE,L2,1,1,1,2
ViveSoftware/ViveInputUtility-Unity,114,IC,GCE,L4,3,15,8,23
ViveSoftware/ViveInputUtility-Unity,170,SD,ICFM,L2,2,6,7,13
Vivero/Kerbal-VR,77,AF,IIV,L2,25,481,240,721
XRTK/com.xrtk.core,221,AF,ICFM,L3,1,0,0,0
XRTK/com.xrtk.core,233,AF,IIV,L2,6,285,225,510
XRTK/com.xrtk.core,371,IC,IIV,L3,1,1,1,2
XRTK/com.xrtk.core,478,AF,IIV,L3,3,57,7,64
XRTK/com.xrtk.core,547,AF,ICFM,L5,1,1,6,7
XRTK/com.xrtk.core,559,AF,ICFM,L3,1,1,1,2
XRTK/com.xrtk.core,566,IC,RLM,L3,1,1,0,1
XRTK/com.xrtk.core,593,RS,ICFM,L3,1,4,2,6
XRTK/com.xrtk.core,601,AF,IIV,L4,2,8,10,18
XRTK/com.xrtk.core,734,VF,ICFM,L5,1,14,2,16
XRTK/com.xrtk.core,735,AF,ICFM,L4,1,14,0,14
XRTK/com.xrtk.core,754,SD,ICFM,L3,1,47,24,71
XRTK/com.xrtk.core,848,AF,TDI,L3,6,56,16,72
aardvarkxr/aardvark,21,RA,ICFM,L4,3,39,12,51
aardvarkxr/aardvark,37,IC,RLM,L4,1,6,1,7
aardvarkxr/aardvark,77,IC,IIV,L1,4,26,2,28
aardvarkxr/aardvark,112,IC,ICFM,L1,5,224,49,273
aardvarkxr/aardvark,139,IC,IAC,L4,3,121,8,129
aardvarkxr/aardvark,171,AF,ICFM,L4,1,60,53,113
aardvarkxr/aardvark,175,IC,TDI,L1,1,4,0,4
aardvarkxr/aardvark,190,AF,IAC,L4,6,191,7,198
aestheticinteractive/Hover-UI-Kit,14,IC,ICFM,L1,1,1,1,2
aframevr/a-blast,49,AF,ICFM,L4,1,1,3,4
aframevr/a-blast,84,SD,GCE,L4,4,28,2,30
aframevr/a-painter,48,AF,RLM,L1,4,20,4,24
aframevr/a-painter,55,AF,RLM,L3,2,30,11,41
aframevr/a-painter,135,AF,TDI,L4,3,36,1,37
aframevr/a-painter,142,VF,IIV,L5,1,2,0,2
aframevr/a-painter,192,AF,ICFM,L3,4,337,219,556
aframevr/a-painter,250,SD,UPF,L3,3,54,1,55
aframevr/a-painter,251,SD,UPF,L3,3,54,1,55
aframevr/a-painter,265,RA,TDI,L4,9,96,26,122
aframevr/a-painter,270,AF,ICFM,L4,1,32,24,56
aframevr/a-painter,272,IC,IIV,L1,1,2,2,4
aframevr/a-saturday-night,36,SD,IIV,L4,2,92,78,170
aframevr/a-saturday-night,40,AF,UPF,L3,3,73,33,106
aframevr/a-saturday-night,75,AF,UPF,L3,5,15,7,22
aframevr/a-saturday-night,97,RA,ICFM,L5,3,42,28,70
aframevr/a-saturday-night,119,AF,ICFM,L3,3,501,9,510
aframevr/a-saturday-night,121,IC,ICFM,L3,1,3,2,5
aframevr/a-saturday-night,124,SD,RLM,L2,2,14,8,22
aframevr/a-saturday-night,125,AF,RLM,L2,1,3,2,5
aframevr/aframe,110,RS,IIV,L4,3,10,10,20
aframevr/aframe,145,SD,TDI,L4,4,5,8,13
aframevr/aframe,146,IC,ICFM,L4,8,77,38,115
aframevr/aframe,193,SD,IIV,L5,1,5,0,5
aframevr/aframe,194,IC,IIV,L1,11,98,42,140
aframevr/aframe,196,SD,UPF,L4,2,39,0,39
aframevr/aframe,199,IC,TDI,L1,10,166,9,175
aframevr/aframe,201,IC,ICFM,L1,8,170,49,219
aframevr/aframe,272,RA,IIV,L4,2,7,11,18
aframevr/aframe,293,IC,ICFM,L1,1,20,20,40
aframevr/aframe,314,RS,UPF,L5,14,549,34,583
aframevr/aframe,316,AF,UPF,L5,11,293,84,377
aframevr/aframe,324,AF,IIV,L3,6,68,4,72
aframevr/aframe,328,SD,ICFM,L4,2,6,4,10
aframevr/aframe,346,IC,ICFM,L1,1,2,0,2
aframevr/aframe,387,SD,IIV,L5,1,1,0,1
aframevr/aframe,395,SD,IAC,L5,6,134,44,178
aframevr/aframe,396,SD,GCE,L5,14,264,242,506
aframevr/aframe,406,RS,IAC,L5,2,19,2,21
aframevr/aframe,407,VF,ICFM,L5,1,269,234,503
aframevr/aframe,428,IC,GCE,L1,1,2,2,4
aframevr/aframe,432,VF,IIV,L5,1,8,1,9
aframevr/aframe,446,RA,ICFM,L5,26,58,56,114
aframevr/aframe,461,AF,UPF,L3,3,67,22,89
aframevr/aframe,465,RS,RLM,L1,7,176,12,188
aframevr/aframe,466,RS,RLM,L1,7,176,12,188
aframevr/aframe,469,IC,GCE,L1,23,304,272,576
aframevr/aframe,475,IC,IAC,L4,1,1,1,2
aframevr/aframe,483,VF,ICFM,L5,2,15,2,17
aframevr/aframe,486,AF,IIV,L3,5,411,156,567
aframevr/aframe,511,IC,IIV,L4,1,5,4,9
aframevr/aframe,539,IC,UPF,L1,23,304,272,576
aframevr/aframe,541,RS,RLM,L5,1,2,0,2
aframevr/aframe,551,SD,UPF,L4,1,1,1,2
aframevr/aframe,558,IC,GCE,L4,1,4,2,6
aframevr/aframe,561,RA,ICFM,L1,2,47,10,57
aframevr/aframe,562,RA,UPF,L5,9,273,22,295
aframevr/aframe,574,VF,UPF,L1,22,98,120,218
aframevr/aframe,575,AF,ICFM,L4,1,55,58,113
aframevr/aframe,591,AF,ICFM,L4,1,22,8,30
aframevr/aframe,592,SD,IIV,L1,2,7,1,8
aframevr/aframe,599,AF,RLM,L4,2,102,27,129
aframevr/aframe,600,VF,IIV,L5,5,46,7,53
aframevr/aframe,601,IC,TDI,L5,22,31,42,73
aframevr/aframe,610,RS,IIV,L3,4,6,4,10
aframevr/aframe,618,IC,UPF,L1,1,54,4,58
aframevr/aframe,619,VF,IIV,L1,4,6,4,10
aframevr/aframe,620,VF,ICFM,L5,1,5,1,6
aframevr/aframe,621,VF,TDI,L5,7,18,18,36
aframevr/aframe,623,RS,UPF,L1,3,424,4,428
aframevr/aframe,624,AF,IIV,L3,4,191,45,236
aframevr/aframe,628,RA,IIV,L1,1,22,1,23
aframevr/aframe,632,AF,TDI,L3,2,5,0,5
aframevr/aframe,648,RS,UPF,L4,2,3,3,6
aframevr/aframe,651,AF,IIV,L4,3,34,35,69
aframevr/aframe,656,AF,IAC,L4,1,2,6,8
aframevr/aframe,660,IC,IAC,L1,1,181,209,390
aframevr/aframe,662,AF,ICFM,L4,1,2,2,4
aframevr/aframe,666,SD,ICFM,L5,3,84,0,84
aframevr/aframe,668,AF,UPF,L4,1,49,48,97
aframevr/aframe,676,VF,IIV,L4,2,31,1,32
aframevr/aframe,692,IC,ICFM,L1,2,24,3,27
aframevr/aframe,695,SD,ICFM,L1,18,355,191,546
aframevr/aframe,703,RA,UPF,L4,2,32,6,38
aframevr/aframe,727,SD,RLM,L2,4,36,4,40
aframevr/aframe,744,IC,TDI,L1,5,71,46,117
aframevr/aframe,749,AF,TDI,L3,1,1,1,2
aframevr/aframe,802,VF,GCE,L5,1,10,17,27
aframevr/aframe,846,SD,UPF,L3,4,12,8,20
aframevr/aframe,878,SD,UPF,L3,1,1,0,1
aframevr/aframe,897,IC,RLM,L4,2,20,0,20
aframevr/aframe,942,SD,RLM,L4,1,4,5,9
aframevr/aframe,995,AF,IIV,L4,4,26,0,26
aframevr/aframe,1011,IC,ICFM,L4,4,32,2,34
aframevr/aframe,1052,RS,TDI,L5,3,6,10,16
aframevr/aframe,1088,AF,IAC,L4,1,1,3,4
aframevr/aframe,1103,AF,UPF,L3,1,4,6,10
aframevr/aframe,1116,AF,TDI,L4,10,328,114,442
aframevr/aframe,1122,VF,IIV,L5,1,1,1,2
aframevr/aframe,1163,AF,ICFM,L4,4,4,6,10
aframevr/aframe,1229,RA,UPF,L3,2,4,4,8
aframevr/aframe,1236,VF,ICFM,L3,1,30,24,54
aframevr/aframe,1267,AF,IAC,L3,1,1,1,2
aframevr/aframe,1324,AF,RLM,L4,4,170,88,258
aframevr/aframe,1341,SD,ICFM,L4,17,382,227,609
aframevr/aframe,1353,AF,IAC,L3,1,3,1,4
aframevr/aframe,1415,IC,ICFM,L4,3,50,23,73
aframevr/aframe,1471,RS,ICFM,L3,1,2,1,3
aframevr/aframe,1511,AF,RLM,L4,1,3,4,7
aframevr/aframe,1572,AF,IAC,L4,2,30,9,39
aframevr/aframe,1609,AF,RLM,L4,4,139,85,224
aframevr/aframe,1620,AF,ICFM,L3,2,7,4,11
aframevr/aframe,1624,SD,IIV,L4,5,279,65,344
aframevr/aframe,1630,AF,ICFM,L3,3,18,7,25
aframevr/aframe,1660,VF,IAC,L5,19,57,52,109
aframevr/aframe,1661,IC,IAC,L1,1,1,1,2
aframevr/aframe,1677,AF,UPF,L3,1,2,2,4
aframevr/aframe,1680,IC,UPF,L1,4,82,2,84
aframevr/aframe,1701,RA,TDI,L5,4,212,86,298
aframevr/aframe,1705,IC,RLM,L1,1,2,3,5
aframevr/aframe,1714,VF,GCE,L5,1,6,0,6
aframevr/aframe,1715,SD,ICFM,L5,2,25,4,29
aframevr/aframe,1724,SD,ICFM,L5,4,69,32,101
aframevr/aframe,1733,RA,ICFM,L5,3,43,19,62
aframevr/aframe,1735,AF,GCE,L5,1,1,0,1
aframevr/aframe,1754,RS,UPF,L5,3,43,19,62
aframevr/aframe,1780,SD,RLM,L5,2,90,82,172
aframevr/aframe,1791,SD,GCE,L4,1,2,2,4
aframevr/aframe,1798,VF,ICFM,L1,1,0,1,1
aframevr/aframe,1802,VF,UPF,L1,2,49,2,51
aframevr/aframe,1803,VF,ICFM,L5,1,6,0,6
aframevr/aframe,1841,IC,IAC,L1,4,225,29,254
aframevr/aframe,1856,VF,ICFM,L5,11,121,98,219
aframevr/aframe,1865,AF,IIV,L3,2,6,2,8
aframevr/aframe,1874,AF,UPF,L3,1,1,0,1
aframevr/aframe,1882,IC,IIV,L1,3,102,29,131
aframevr/aframe,1896,VF,TDI,L1,4,30,16,46
aframevr/aframe,1935,IC,ICFM,L1,2,45,2,47
aframevr/aframe,1962,RS,TDI,L5,1,4,3,7
aframevr/aframe,2010,SD,GCE,L1,3,104,10,114
aframevr/aframe,2088,RA,IIV,L4,1,1,1,2
aframevr/aframe,2142,IC,RLM,L4,2,39,0,39
aframevr/aframe,2160,IC,ICFM,L4,4,4,2,6
aframevr/aframe,2239,RS,RLM,L4,4,0,86,86
aframevr/aframe,2253,AF,IIV,L4,6,28,12,40
aframevr/aframe,2259,SD,IIV,L3,1,1,1,2
aframevr/aframe,2266,AF,IIV,L3,1,1,0,1
aframevr/aframe,2267,AF,ICFM,L1,1,1,1,2
aframevr/aframe,2329,IC,ICFM,L1,5,231,28,259
aframevr/aframe,2389,AF,IIV,L4,1,2,2,4
aframevr/aframe,2426,IC,IIV,L5,1,6,2,8
aframevr/aframe,2428,VF,RLM,L5,2,21,0,21
aframevr/aframe,2445,SD,ICFM,L2,1,181,107,288
aframevr/aframe,2448,VF,ICFM,L5,2,13,7,20
aframevr/aframe,2475,SD,IIV,L4,2,5,1,6
aframevr/aframe,2493,IC,UPF,L1,1,0,1,1
aframevr/aframe,2503,AF,IIV,L3,1,3,3,6
aframevr/aframe,2597,AF,UPF,L5,4,55,0,55
aframevr/aframe,2614,RA,RLM,L3,5,127,34,161
aframevr/aframe,2633,IC,ICFM,L1,1,2,1,3
aframevr/aframe,2645,AF,IAC,L3,1,1,1,2
aframevr/aframe,2654,AF,IAC,L5,4,103,33,136
aframevr/aframe,2656,AF,IAC,L5,1,2,2,4
aframevr/aframe,2660,VF,GCE,L5,2,6,4,10
aframevr/aframe,2692,RA,GCE,L1,2,5,4,9
aframevr/aframe,2772,IC,ICFM,L1,2,353,202,555
aframevr/aframe,2784,IC,ICFM,L3,5,26,229,255
aframevr/aframe,2798,AF,IIV,L3,1,1,1,2
aframevr/aframe,2808,AF,ICFM,L3,2,37,14,51
aframevr/aframe,2811,IC,ICFM,L1,1,6,0,6
aframevr/aframe,2829,IC,RLM,L3,11,113,33,146
aframevr/aframe,2879,IC,RLM,L1,9,295,301,596
aframevr/aframe,2906,RA,ICFM,L4,2,82,2,84
aframevr/aframe,2930,AF,IAC,L3,2,84,72,156
aframevr/aframe,2965,SD,GCE,L1,3,14,7,21
aframevr/aframe,2993,AF,ICFM,L3,1,6,6,12
aframevr/aframe,3019,IC,ICFM,L1,4,21,19,40
aframevr/aframe,3025,IC,IIV,L1,2,10,4,14
aframevr/aframe,3046,SD,IIV,L1,1,9,4,13
aframevr/aframe,3051,SD,TDI,L5,27,94,324,418
aframevr/aframe,3103,IC,IAC,L1,2,4,4,8
aframevr/aframe,3118,VF,IAC,L5,26,93,323,416
aframevr/aframe,3124,SD,ICFM,L1,2,14,10,24
aframevr/aframe,3143,SD,ICFM,L1,2,53,87,140
aframevr/aframe,3149,VF,ICFM,L5,2,10,4,14
aframevr/aframe,3160,SD,IAC,L5,1,1,1,2
aframevr/aframe,3179,AF,IAC,L1,2,15,12,27
aframevr/aframe,3250,AF,RLM,L1,3,116,51,167
aframevr/aframe,3282,SD,ICFM,L5,1,12,1,13
aframevr/aframe,3315,SD,UPF,L5,26,93,323,416
aframevr/aframe,3376,AF,ICFM,L1,1,1,1,2
aframevr/aframe,3428,AF,RLM,L4,4,117,51,168
aframevr/aframe,3444,AF,IAC,L4,1,1,0,1
aframevr/aframe,3483,IC,ICFM,L1,3,65,45,110
aframevr/aframe,3525,VF,ICFM,L5,1,1,1,2
aframevr/aframe,3557,AF,UPF,L4,4,146,176,322
aframevr/aframe,3574,RA,ICFM,L5,4,74,72,146
aframevr/aframe,3577,VF,RLM,L5,1,33,5,38
aframevr/aframe,3592,RA,ICFM,L5,3,10,5,15
aframevr/aframe,3608,AF,ICFM,L1,1,2,2,4
aframevr/aframe,3655,SD,UPF,L3,1,3,3,6
aframevr/aframe,3728,SD,IIV,L2,1,2,2,4
aframevr/aframe,3735,IC,ICFM,L4,4,52,4,56
aframevr/aframe,3830,RA,GCE,L5,4,14,10,24
aframevr/aframe,3865,VF,IIV,L5,2,2,2,4
aframevr/aframe,3869,IC,ICFM,L1,6,63,61,124
aframevr/aframe,3904,IC,ICFM,L1,1,2,0,2
aframevr/aframe,3930,SD,TDI,L4,1,1,1,2
aframevr/aframe,3942,RA,ICFM,L5,1,4,1,5
aframevr/aframe,3947,RS,RLM,L5,1,9,1,10
aframevr/aframe,4013,IC,IAC,L1,2,0,2,2
aframevr/aframe,4027,AF,RLM,L4,5,78,54,132
aframevr/aframe,4039,AF,ICFM,L5,2,15,0,15
aframevr/aframe,4099,VF,ICFM,L1,2,12,8,20
aframevr/aframe,4101,IC,RLM,L4,1,1,1,2
aframevr/aframe,4142,VF,ICFM,L5,1,5,0,5
aframevr/aframe,4148,SD,ICFM,L5,1,5,0,5
aframevr/aframe,4169,RS,RLM,L5,1,10,1,11
aframevr/aframe,4199,IC,ICFM,L1,2,12,1,13
aframevr/aframe,4232,RA,ICFM,L5,4,20,4,24
aframevr/aframe,4243,AF,ICFM,L3,1,1,0,1
aframevr/aframe,4249,IC,ICFM,L1,2,11,0,11
aframevr/aframe,4301,RS,ICFM,L5,1,5,2,7
aframevr/aframe,4321,RS,RLM,L1,2,15,0,15
aframevr/aframe,4344,IC,GCE,L1,1,1,1,2
aframevr/aframe,4355,VF,IAC,L5,5,144,30,174
aframevr/aframe,4358,SD,ICFM,L1,2,2,14,16
aframevr/aframe,4365,RS,GCE,L5,2,2,2,4
aframevr/aframe,4370,IC,ICFM,L1,1,11,9,20
aframevr/aframe,4371,RS,RLM,L4,1,1,0,1
aframevr/aframe,4380,RS,IAC,L5,1,1,1,2
aframevr/aframe,4383,SD,ICFM,L3,1,7,6,13
aframevr/aframe,4387,VF,TDI,L5,1,1,1,2
aframevr/aframe,4388,SD,GCE,L2,1,3,3,6
aframevr/aframe,4405,VF,IAC,L2,2,2,2,4
aframevr/aframe,4472,IC,RLM,L1,2,4,4,8
aframevr/aframe,4494,IC,ICFM,L1,2,2,0,2
aframevr/aframe,4516,AF,IIV,L1,1,1,1,2
aframevr/aframe,4521,VF,IAC,L1,1,2,2,4
aframevr/aframe,4540,IC,ICFM,L1,4,44,32,76
aframevr/aframe,4554,IC,TDI,L1,1,1,1,2
aframevr/aframe,4617,SD,ICFM,L5,2,15,0,15
aframevr/aframe,4689,IC,GCE,L1,3,26,6,32
aframevr/aframe,4740,IC,ICFM,L1,2,20,9,29
aframevr/aframe,4743,IC,TDI,L3,4,16,12,28
aframevr/aframe,4766,VF,RLM,L1,1,9,0,9
aframevr/aframe,4818,AF,GCE,L4,1,1,1,2
aframevr/aframe,4882,SD,GCE,L1,1,6,5,11
aframevr/aframe,4885,IC,ICFM,L5,1,6,5,11
aframevr/aframe,4911,SD,GCE,L5,1,43,25,68
aframevr/aframe,4916,SD,GCE,L5,1,10,11,21
aframevr/aframe,4927,SD,RLM,L5,1,3,0,3
aframevr/aframe,4931,AF,IIV,L3,2,25,12,37
aframevr/aframe,4935,IC,ICFM,L1,1,10,2,12
aframevr/aframe,4967,RS,ICFM,L5,1,0,1,1
aframevr/aframe,4978,SD,ICFM,L1,3,15,1,16
aframevr/aframe,4989,AF,RLM,L4,1,2,2,4
aframevr/aframe,5023,RS,ICFM,L5,2,6,4,10
aframevr/aframe,5098,SD,ICFM,L4,1,2,1,3
aframevr/aframe,5158,SD,UPF,L3,1,4,0,4
aframevr/aframe,5185,SD,TDI,L2,1,6,40,46
aframevr/aframe,5203,IC,ICFM,L4,2,64,2,66
aframevr/aframe,5230,RA,UPF,L4,5,156,4,160
aframevr/aframe,5268,IC,ICFM,L1,1,3,3,6
aframevr/aframe,5300,RA,ICFM,L2,1,16,15,31
aframevr/aframe,5315,IC,RLM,L1,1,36,15,51
aframevr/aframe,5316,SD,UPF,L2,1,1,1,2
aframevr/aframe,5380,SD,UPF,L1,2,51,31,82
aframevr/aframe,5385,RS,IAC,L4,1,1,1,2
aframevr/aframe,5415,SD,ICFM,L1,7,8,6,14
aframevr/aframe,5438,SD,ICFM,L2,1,1,1,2
aframevr/aframe,5504,IC,IIV,L3,3,4,4,8
aframevr/aframe,5602,AF,RLM,L5,1,1,0,1
aframevr/aframe,5603,IC,TDI,L1,2,2,2,4
aframevr/aframe,5614,SD,IIV,L5,1,2,1,3
aframevr/aframe,5625,RS,RLM,L1,1,1,0,1
aframevr/aframe,5680,IC,ICFM,L4,1,2,1,3
aframevr/aframe,5682,AF,ICFM,L5,1,2,1,3
aframevr/aframe,5706,AF,IAC,L4,1,1,0,1
aframevr/aframe,5709,VF,IAC,L5,1,30,60,90
aframevr/aframe,5720,IC,IAC,L3,1,1,1,2
aframevr/aframe-inspector,10,IC,IAC,L3,8,92,36,128
aframevr/aframe-inspector,32,AF,UPF,L3,3,35,6,41
aframevr/aframe-inspector,42,IC,IIV,L3,3,55,34,89
aframevr/aframe-inspector,51,IC,ICFM,L4,3,37,7,44
aframevr/aframe-inspector,66,IC,ICFM,L1,6,127,5,132
aframevr/aframe-inspector,89,IC,UPF,L3,2,2,2,4
aframevr/aframe-inspector,104,AF,UPF,L3,1,5,1,6
aframevr/aframe-inspector,121,AF,UPF,L3,4,24,18,42
aframevr/aframe-inspector,123,AF,IIV,L3,2,84,20,104
aframevr/aframe-inspector,134,AF,UPF,L3,2,15,9,24
aframevr/aframe-inspector,180,SD,ICFM,L4,2,8,2,10
aframevr/aframe-inspector,188,AF,RLM,L3,14,141,196,337
aframevr/aframe-inspector,191,AF,UPF,L3,3,4,7,11
aframevr/aframe-inspector,199,SD,GCE,L4,3,18,9,27
aframevr/aframe-inspector,219,AF,UPF,L3,1,1,0,1
aframevr/aframe-inspector,220,AF,UPF,L3,1,5,1,6
aframevr/aframe-inspector,230,AF,IIV,L3,3,8,6,14
aframevr/aframe-inspector,235,AF,RLM,L3,10,48,24,72
aframevr/aframe-inspector,243,SD,UPF,L3,2,12,0,12
aframevr/aframe-inspector,245,AF,UPF,L3,2,12,0,12
aframevr/aframe-inspector,251,SD,ICFM,L3,4,53,37,90
aframevr/aframe-inspector,273,AF,ICFM,L3,4,12,2,14
aframevr/aframe-inspector,274,VF,ICFM,L5,2,26,12,38
aframevr/aframe-inspector,275,SD,RLM,L3,4,67,14,81
aframevr/aframe-inspector,304,IC,UPF,L3,1,0,1,1
aframevr/aframe-inspector,312,IC,UPF,L3,4,6,4,10
aframevr/aframe-inspector,320,SD,TDI,L1,8,8,6,14
aframevr/aframe-inspector,321,SD,GCE,L5,2,2,2,4
aframevr/aframe-inspector,344,RA,ICFM,L3,5,148,3,151
aframevr/aframe-inspector,353,AF,UPF,L3,2,3,1,4
aframevr/aframe-inspector,356,IC,ICFM,L3,15,86,29,115
aframevr/aframe-inspector,389,AF,RLM,L3,6,54,70,124
aframevr/aframe-inspector,390,IC,UPF,L3,2,4,2,6
aframevr/aframe-inspector,414,AF,ICFM,L3,1,12,4,16
aframevr/aframe-inspector,425,AF,ICFM,L4,2,2,0,2
aframevr/aframe-inspector,427,IC,ICFM,L3,4,29,21,50
aframevr/aframe-inspector,447,SD,RLM,L3,4,34,22,56
aframevr/aframe-inspector,458,IC,IIV,L1,1,1,0,1
aframevr/aframe-inspector,461,SD,ICFM,L1,2,38,12,50
aframevr/aframe-inspector,481,AF,IIV,L3,1,13,4,17
aframevr/aframe-inspector,525,AF,UPF,L3,4,5,11,16
aframevr/aframe-inspector,544,IC,IAC,L3,1,2,2,4
aframevr/aframe-inspector,578,IC,RLM,L3,3,6,0,6
aframevr/aframe-inspector,640,AF,UPF,L3,3,9,0,9
aframevr/aframe-inspector,648,IC,RLM,L3,3,23,21,44
aframevr/aframe-inspector,649,SD,ICFM,L5,1,1,1,2
aframevr/aframe-inspector,664,AF,ICFM,L3,12,51,61,112
aframevr/aframe-inspector,667,AF,UPF,L3,5,13,1,14
aframevr/aframe-inspector,669,AF,UPF,L3,1,3,2,5
aframevr/aframe-inspector,680,VF,IIV,L3,2,59,6,65
aframevr/aframe-inspector,720,RA,RLM,L5,1,1,0,1
aframevr/aframe-inspector,724,SD,ICFM,L3,1,1,1,2
aframevr/aframe-inspector,725,AF,UPF,L3,4,10,14,24
aframevr/aframe-inspector,738,VF,ICFM,L5,3,25,5,30
aframevr/aframe-inspector,757,RS,ICFM,L5,1,3,0,3
aframevr/aframe-inspector,760,SD,GCE,L5,1,6,2,8
aframevr/aframe-inspector,767,AF,IIV,L4,1,11,0,11
aframevr/aframe-inspector,770,AF,IIV,L3,1,4,4,8
aframevr/aframe-inspector,775,SD,IIV,L3,4,8,8,16
aframevr/aframe-inspector,783,IC,ICFM,L3,1,1,1,2
aframevr/aframe-inspector,787,AF,ICFM,L3,1,1,0,1
aframevr/aframe-inspector,788,RA,IIV,L3,1,1,0,1
aframevr/aframe-inspector,789,SD,UPF,L5,1,1,1,2
aframevr/aframe-inspector,791,AF,UPF,L3,1,1,1,2
aframevr/aframe-inspector,794,AF,TDI,L3,7,64,42,106
aframevr/aframe-inspector,801,VF,GCE,L5,1,2,1,3
aframevr/aframe-inspector,811,SD,ICFM,L4,1,8,1,9
aframevr/aframe-inspector,816,IC,IIV,L3,2,43,8,51
aframevr/aframe-inspector,820,VF,GCE,L5,1,6,6,12
albrt-vr/OpenVR.ALBRT.overlay,1,IC,IIV,L3,1,4,0,4
alvr-org/ALVR,80,IC,IIV,L1,1,1,0,1
alvr-org/ALVR,96,SD,ICFM,L2,1,1,0,1
alvr-org/ALVR,126,VF,TDI,L3,6,169,30,199
alvr-org/ALVR,191,AF,GCE,L5,4,109,3,112
alvr-org/ALVR,264,AF,ICFM,L3,2,48,21,69
alvr-org/ALVR,275,SD,ICFM,L3,2,48,21,69
alvr-org/ALVR,334,AF,UPF,L3,9,50,23,73
alvr-org/ALVR,341,RA,IIV,L5,1,12,0,12
alvr-org/ALVR,423,AF,GCE,L3,15,124,27,151
alvr-org/ALVR,697,AF,TDI,L1,1,2,2,4
alvr-org/ALVR,1236,VF,GCE,L2,1,6,5,11
alvr-org/ALVR,1241,VF,ICFM,L1,1,11,8,19
alvr-org/ALVR,1246,RA,GCE,L5,5,76,1,77
alvr-org/ALVR,2009,IC,GCE,L2,4,68,33,101
alvr-org/ALVR,2086,AF,RLM,L3,2,5,2,7
alvr-org/ALVR,3002,AF,UPF,L3,12,139,85,224
alvr-org/ALVR,3085,IC,IAC,L3,1,1,1,2
alvr-org/ALVR,3107,SD,UPF,L3,5,62,61,123
alvr-org/alvr-visionos,37,RA,GCE,L5,5,144,65,209
alvr-org/alvr-visionos,55,SD,RLM,L5,12,556,53,609
alvr-org/alvr-visionos,64,AF,RLM,L2,2,3,3,6
alvr-org/alvr-visionos,72,RS,ICFM,L5,5,390,124,514
alvr-org/alvr-visionos,156,VF,TDI,L3,1,58,41,99
ami-iit/yarp-device-openxrheadset,7,VF,TDI,L5,13,556,162,718
arteranos/Arteranos,52,RS,ICFM,L1,6,413,22,435
arteranos/Arteranos,65,SD,ICFM,L3,5,20,13,33
arteranos/Arteranos,69,RA,GCE,L5,21,203,496,699
arteranos/Arteranos,104,AF,GCE,L3,7,42,25,67
arteranos/Arteranos,106,SD,IIV,L1,1,2,24,26
arteranos/Arteranos,107,IC,ICFM,L2,14,141,74,215
arteranos/Arteranos,117,IC,IAC,L2,2,40,21,61
arteranos/Arteranos,150,SD,IIV,L4,1,11,3,14
arteranos/Arteranos,176,AF,UPF,L4,16,464,57,521
arteranos/Arteranos,197,AF,TDI,L3,2,2,2,4
ashqal/MD360Player4Android,5,VF,TDI,L5,2,67,0,67
ashqal/MD360Player4Android,18,RA,IAC,L5,3,12,5,17
ashqal/MD360Player4Android,23,AF,TDI,L5,6,58,51,109
ashqal/MD360Player4Android,68,SD,RLM,L4,8,53,26,79
ashqal/MD360Player4Android,89,RS,IAC,L5,1,5,3,8
ashqal/MD360Player4Android,167,VF,ICFM,L5,6,21,12,33
ashqal/MD360Player4Android,188,VF,RLM,L5,1,4,7,11
baffler/OBS-OpenVR-Input-Plugin,37,SD,GCE,L3,2,95,43,138
benaclejames/VRCFaceTracking,213,RS,IIV,L3,2,11,2,13
benaclejames/VRCFaceTracking,282,VF,GCE,L1,1,11,11,22
benaclejames/VRCFaceTracking,286,AF,GCE,L4,1,10,2,12
beniwtv/vr-streaming-overlay,1,SD,IIV,L3,2,38,0,38
bjornbytes/lovr,66,RA,UPF,L5,4,18,3,21
bjornbytes/lovr,128,AF,ICFM,L5,2,10,2,12
bjornbytes/lovr,159,VF,RLM,L1,1,51,24,75
bjornbytes/lovr,227,VF,ICFM,L5,1,1,1,2
bjornbytes/lovr,343,SD,GCE,L5,1,3,3,6
bjornbytes/lovr,464,VF,GCE,L5,1,2,1,3
bjornbytes/lovr,573,RA,GCE,L4,1,6,6,12
bjornbytes/lovr,620,VF,GCE,L5,2,2,2,4
bjornbytes/lovr,644,SD,GCE,L4,4,75,42,117
bjornbytes/lovr,677,VF,RLM,L1,5,129,129,258
bjornbytes/lovr,743,SD,GCE,L1,3,19,6,25
bjornbytes/lovr,854,AF,GCE,L4,1,2,2,4
borismus/webvr-boilerplate,9,RA,GCE,L5,2,3,2,5
borismus/webvr-boilerplate,43,IC,IIV,L3,2,4,3,7
borismus/webvr-boilerplate,47,VF,ICFM,L5,3,9,5,14
borismus/webvr-boilerplate,54,VF,ICFM,L3,2,7,1,8
borismus/webvr-boilerplate,61,RA,IAC,L5,2,2,4,6
borismus/webvr-boilerplate,117,AF,ICFM,L3,2,12,0,12
borismus/webvr-boilerplate,136,AF,UPF,L3,1,1,0,1
borismus/webvr-boilerplate,148,SD,UPF,L3,1,1,1,2
brandonmousseau/vhvr-mod,15,VF,GCE,L3,1,17,8,25
brandonmousseau/vhvr-mod,17,SD,RLM,L3,1,9,0,9
brandonmousseau/vhvr-mod,26,AF,UPF,L3,4,160,0,160
brandonmousseau/vhvr-mod,54,IC,IIV,L1,1,17,5,22
brandonmousseau/vhvr-mod,57,IC,ICFM,L1,1,1,19,20
brandonmousseau/vhvr-mod,98,AF,UPF,L3,6,0,0,0
brandonmousseau/vhvr-mod,218,AF,ICFM,L3,1,37,2,39
brandonmousseau/vhvr-mod,233,SD,IIV,L3,1,25,7,32
brandonmousseau/vhvr-mod,332,SD,ICFM,L3,1,26,1,27
brandonmousseau/vhvr-mod,338,SD,ICFM,L2,1,3,3,6
brandonmousseau/vhvr-mod,342,AF,IIV,L3,1,4,3,7
brandonmousseau/vhvr-mod,357,IC,ICFM,L3,3,25,13,38
brandonmousseau/vhvr-mod,513,AF,ICFM,L3,1,7,6,13
brandonmousseau/vhvr-mod,559,SD,IAC,L5,2,31,27,58
c-frame/aframe-extras,3,VF,ICFM,L5,4,12,10,22
c-frame/aframe-extras,23,IC,ICFM,L1,1,15,13,28
c-frame/aframe-extras,61,IC,IAC,L3,2,2,2,4
c-frame/aframe-extras,77,IC,ICFM,L1,4,16,9,25
c-frame/aframe-extras,104,IC,RLM,L1,1,4,0,4
c-frame/aframe-extras,118,SD,GCE,L1,13,27,32,59
c-frame/aframe-extras,135,IC,RLM,L1,1,7,0,7
c-frame/aframe-extras,225,RA,ICFM,L4,3,13,26,39
c-frame/aframe-extras,229,IC,RLM,L1,1,20,10,30
c-frame/aframe-extras,248,IC,ICFM,L4,1,8,1,9
c-frame/aframe-extras,287,IC,IAC,L1,1,1,1,2
c-frame/aframe-extras,347,VF,ICFM,L5,7,47,17,64
c-frame/aframe-extras,397,IC,ICFM,L1,6,16,5,21
ccvrc/DG-LAB-VRCOSC,20,RS,UPF,L3,7,53,27,80
cinder/Cinder-VR,12,AF,RLM,L5,2,9,3,12
cmbruns/pyopenxr,59,VF,RLM,L5,1,1,1,2
cosmoscout/cosmoscout-vr,41,IC,ICFM,L3,14,228,80,308
cosmoscout/cosmoscout-vr,103,SD,ICFM,L3,2,19,5,24
cosmoscout/cosmoscout-vr,165,AF,UPF,L3,3,46,70,116
cosmoscout/cosmoscout-vr,186,SD,IAC,L4,15,81,36,117
cosmoscout/cosmoscout-vr,292,SD,ICFM,L4,1,1,1,2
cosmoscout/cosmoscout-vr,293,RA,ICFM,L4,2,72,21,93
cosmoscout/cosmoscout-vr,332,RA,UPF,L4,10,74,42,116
cosmoscout/cosmoscout-vr,363,SD,RLM,L4,2,15,1,16
cosmoscout/cosmoscout-vr,372,RA,IIV,L5,3,13,3,16
cosmoscout/cosmoscout-vr,399,RA,GCE,L4,2,4,20,24
cosmoscout/cosmoscout-vr,404,RA,GCE,L5,2,8,2,10
danielesteban/blocks,4,AF,UPF,L2,13,489,106,595
danielesteban/blocks,23,AF,RLM,L3,2,68,40,108
danielesteban/blocks,37,IC,IIV,L1,3,15,12,27
danieljharris/PARSEC,9,AF,UPF,L3,3,99,2,101
dantman/elite-vr-cockpit,12,IC,ICFM,L1,3,11,6,17
dantman/elite-vr-cockpit,42,IC,IAC,L3,1,16,3,19
dantman/elite-vr-cockpit,65,VF,GCE,L1,2,2,2,4
dataarts/dat.guiVR,4,SD,IAC,L1,7,30,26,56
dataarts/dat.guiVR,18,IC,ICFM,L3,3,72,15,87
dataarts/dat.guiVR,32,VF,ICFM,L1,4,60,11,71
dataarts/dat.guiVR,51,SD,ICFM,L3,4,19,21,40
dataarts/dat.guiVR,61,SD,GCE,L3,6,16,8,24
dataarts/dat.guiVR,62,IC,ICFM,L3,5,20,16,36
dghost/quake2vr,25,RA,RLM,L5,11,66,37,103
doodlum/skyrim-community-shaders,15,IC,ICFM,L1,1,3,3,6
doodlum/skyrim-community-shaders,31,IC,ICFM,L3,1,3,3,6
doodlum/skyrim-community-shaders,51,AF,IAC,L4,1,15,12,27
doodlum/skyrim-community-shaders,125,VF,GCE,L5,1,1,1,2
doodlum/skyrim-community-shaders,154,VF,ICFM,L5,1,4,1,5
doodlum/skyrim-community-shaders,156,AF,IIV,L3,2,27,11,38
doodlum/skyrim-community-shaders,162,AF,ICFM,L1,3,39,1,40
doodlum/skyrim-community-shaders,215,VF,GCE,L5,3,6,3,9
doodlum/skyrim-community-shaders,253,AF,RLM,L3,1,4,2,6
doodlum/skyrim-community-shaders,407,RA,GCE,L4,2,10,10,20
doodlum/skyrim-community-shaders,408,AF,GCE,L4,1,18,18,36
doodlum/skyrim-community-shaders,415,AF,ICFM,L4,2,5,11,16
doodlum/skyrim-community-shaders,446,RA,GCE,L4,1,2,2,4
doodlum/skyrim-community-shaders,491,RA,GCE,L4,5,68,28,96
doodlum/skyrim-community-shaders,502,RA,IIV,L5,9,623,39,662
doodlum/skyrim-community-shaders,573,SD,GCE,L5,6,39,74,113
doodlum/skyrim-community-shaders,612,AF,GCE,L3,1,1,1,2
doodlum/skyrim-community-shaders,702,RA,ICFM,L4,9,250,184,434
doodlum/skyrim-community-shaders,719,AF,TDI,L3,3,12,14,26
doodlum/skyrim-community-shaders,731,RA,ICFM,L4,7,77,93,170
doodlum/skyrim-community-shaders,746,RA,GCE,L4,1,3,1,4
doodlum/skyrim-community-shaders,752,RA,ICFM,L4,4,30,27,57
doodlum/skyrim-community-shaders,760,RA,ICFM,L5,7,86,77,163
doodlum/skyrim-community-shaders,763,RA,ICFM,L4,1,1,1,2
doodlum/skyrim-community-shaders,774,RA,GCE,L4,1,17,33,50
doodlum/skyrim-community-shaders,790,RA,GCE,L4,7,72,24,96
doodlum/skyrim-community-shaders,792,RA,ICFM,L4,1,10,12,22
doodlum/skyrim-community-shaders,800,RA,ICFM,L4,3,45,50,95
doodlum/skyrim-community-shaders,862,RS,ICFM,L3,3,32,9,41
doodlum/skyrim-community-shaders,893,RA,GCE,L4,13,122,88,210
doodlum/skyrim-community-shaders,895,RA,ICFM,L4,4,29,12,41
doodlum/skyrim-community-shaders,898,RA,GCE,L4,16,711,171,882
doodlum/skyrim-community-shaders,929,SD,ICFM,L4,29,454,266,720
doodlum/skyrim-community-shaders,958,RA,GCE,L5,2,79,54,133
doodlum/skyrim-community-shaders,967,RA,ICFM,L4,1,16,13,29
doodlum/skyrim-community-shaders,1018,RA,GCE,L4,1,1,1,2
doodlum/skyrim-community-shaders,1022,SD,ICFM,L4,1,43,7,50
doodlum/skyrim-community-shaders,1053,RA,ICFM,L4,1,2,2,4
doodlum/skyrim-community-shaders,1057,RA,IIV,L5,2,242,31,273
doodlum/skyrim-community-shaders,1059,RA,GCE,L4,1,1,0,1
doodlum/skyrim-community-shaders,1061,RA,GCE,L5,3,59,1,60
doodlum/skyrim-community-shaders,1073,SD,RLM,L4,7,636,1,637
doodlum/skyrim-community-shaders,1124,RA,ICFM,L4,2,30,1,31
doodlum/skyrim-community-shaders,1181,AF,ICFM,L3,1,232,100,332
doodlum/skyrim-community-shaders,1204,AF,ICFM,L3,1,13,0,13
doodlum/skyrim-community-shaders,1206,RA,GCE,L5,2,76,28,104
doodlum/skyrim-community-shaders,1243,AF,GCE,L4,1,13,103,116
doodlum/skyrim-community-shaders,1251,AF,GCE,L4,1,1,1,2
doodlum/skyrim-community-shaders,1264,AF,IAC,L3,1,1,0,1
doodlum/skyrim-community-shaders,1349,VF,ICFM,L5,1,18,16,34
doodlum/skyrim-community-shaders,1380,IC,ICFM,L1,1,22,12,34
doodlum/skyrim-community-shaders,1463,AF,GCE,L3,2,18,1,19
doodlum/skyrim-community-shaders,1487,RA,ICFM,L5,3,26,68,94
doodlum/skyrim-community-shaders,1501,AF,RLM,L3,6,12,82,94
doodlum/skyrim-community-shaders,1521,RA,GCE,L5,2,4,4,8
doodlum/skyrim-community-shaders,1558,AF,GCE,L4,1,6,6,12
doodlum/skyrim-community-shaders,1573,AF,UPF,L3,2,14,11,25
doodlum/skyrim-community-shaders,1590,AF,GCE,L3,1,9,2,11
doodlum/skyrim-community-shaders,1592,AF,GCE,L3,2,15,8,23
esperecyan/VRMConverterForVRChat,22,SD,TDI,L2,2,4,3,7
exokitxr/exokit,7,RA,GCE,L5,1,7,2,9
exokitxr/exokit,33,SD,UPF,L2,1,2,0,2
exokitxr/exokit,65,AF,TDI,L3,2,23,0,23
exokitxr/exokit,252,SD,GCE,L5,3,21,21,42
exokitxr/exokit,337,RA,TDI,L5,1,325,0,325
exokitxr/exokit,462,RS,ICFM,L5,2,21,20,41
exokitxr/exokit,505,AF,IAC,L4,1,1,1,2
exokitxr/exokit,609,RA,IIV,L5,1,4,0,4
exokitxr/exokit,668,AF,ICFM,L5,1,22,37,59
exokitxr/exokit,684,AF,IIV,L3,3,1,1,2
exokitxr/exokit,698,SD,GCE,L4,9,169,32,201
exokitxr/exokit,729,RA,GCE,L3,1,3,2,5
exokitxr/exokit,731,SD,ICFM,L4,1,89,6,95
exokitxr/exokit,828,VF,GCE,L5,1,21,20,41
exokitxr/exokit,973,RA,RLM,L5,1,4,0,4
exokitxr/exokit,983,RA,IIV,L5,7,99,42,141
exokitxr/exokit,1004,AF,GCE,L5,1,2,2,4
exokitxr/exokit,1065,IC,RLM,L1,3,24,23,47
exokitxr/exokit,1091,AF,IAC,L1,1,7,7,14
exokitxr/exokit,1128,VF,GCE,L5,1,5,5,10
exokitxr/exokit,1163,AF,ICFM,L3,2,18,16,34
exokitxr/exokit,1297,AF,TDI,L3,1,1,1,2
exokitxr/exokit-browser,4,SD,UPF,L3,1,1,0,1
exokitxr/exokit-web,56,RA,GCE,L4,1,1,1,2
exokitxr/exokit-web,66,VF,RLM,L1,2,31,12,43
exokitxr/zeo,126,IC,IAC,L1,1,2,2,4
fabio914/RealityMixer,1,RA,UPF,L4,10,176,69,245
facebookarchive/react-360,322,IC,ICFM,L1,2,114,40,154
facebookarchive/react-360,515,VF,ICFM,L3,1,5,4,9
felixmariotto/three-mesh-ui,102,AF,UPF,L3,1,1,1,2
felixmariotto/three-mesh-ui,105,RA,GCE,L3,1,1,1,2
felixmariotto/three-mesh-ui,128,RA,GCE,L5,1,16,6,22
felixmariotto/three-mesh-ui,132,AF,IIV,L3,2,1,1,2
felixmariotto/three-mesh-ui,140,AF,UPF,L3,1,24,21,45
fholger/farcry_vrmod,21,AF,ICFM,L5,1,3,0,3
fholger/openvr_foveated,7,VF,RLM,L5,1,13,5,18
fholger/openvr_fsr,131,IC,IIV,L1,1,3,1,4
fholger/thedarkmodvr,2,VF,ICFM,L5,4,25,33,58
fholger/vrperfkit,30,RS,IIV,L5,1,2,1,3
fpw/avitab,42,RA,IIV,L4,2,19,2,21
fpw/avitab,63,AF,IAC,L3,6,326,36,362
fpw/avitab,121,SD,ICFM,L3,19,134,8,142
fpw/avitab,186,RS,GCE,L4,2,64,47,111
fpw/avitab,203,SD,IIV,L3,1,1,1,2
fredemmott/HTCC,10,IC,ICFM,L1,14,249,119,368
fredemmott/HTCC,24,IC,ICFM,L1,4,26,1,27
frustra/strayphotons,160,VF,TDI,L5,26,448,53,501
frustra/strayphotons,200,RA,IIV,L5,2,32,25,57
frustra/strayphotons,278,RA,GCE,L4,12,45,20,65
frustra/strayphotons,310,RA,GCE,L5,13,72,33,105
frustra/strayphotons,329,SD,IIV,L4,5,65,23,88
frustra/strayphotons,349,AF,RLM,L1,5,95,28,123
frustra/strayphotons,383,RA,IAC,L4,18,518,29,547
frustra/strayphotons,479,AF,TDI,L3,12,182,91,273
frustra/strayphotons,575,RA,RLM,L4,12,240,39,279
frustra/strayphotons,576,AF,ICFM,L3,6,56,43,99
galister/wlx-overlay-x,8,IC,ICFM,L1,5,74,32,106
gearvrf/GearVRf-Demos,97,AF,ICFM,L3,6,14,7,21
gearvrf/GearVRf-Demos,210,RA,GCE,L4,1,3,2,5
gearvrf/GearVRf-Demos,273,RA,IIV,L5,1,2,0,2
gearvrf/GearVRf-Demos,350,SD,GCE,L4,1,9,19,28
gftruj/aframe-hand-tracking-controls-extras,5,IC,TDI,L1,3,134,1,135
google-ar/three.ar.js,31,RA,RLM,L4,7,19,1,20
google-ar/three.ar.js,57,AF,TDI,L4,5,49,10,59
googlearchive/vrview,36,SD,GCE,L5,1,1,1,2
googlearchive/vrview,199,AF,IAC,L3,1,1,1,2
googlearchive/vrview,207,RA,ICFM,L5,1,1,1,2
googlearchive/vrview,208,VF,GCE,L5,1,8,1,9
googlearchive/vrview,256,SD,GCE,L4,1,1,1,2
googlearchive/webvr-ui,3,VF,ICFM,L5,5,39,17,56
googlevr/blocks,5,SD,IAC,L3,2,567,94,661
gtk2k/Unity-WebVR-Assets,15,AF,ICFM,L5,3,34,10,44
hackforla/VRMS,259,IC,ICFM,L3,2,10,5,15
hackforla/VRMS,363,AF,IIV,L3,1,7,12,19
hackforla/VRMS,480,AF,UPF,L3,3,106,1,107
hackforla/VRMS,536,SD,UPF,L3,1,18,0,18
hackforla/VRMS,537,AF,IIV,L3,3,8,6,14
hackforla/VRMS,598,IC,UPF,L3,4,54,20,74
hackforla/VRMS,615,IC,IAC,L3,9,88,57,145
hackforla/VRMS,770,SD,UPF,L3,2,0,3,3
hackforla/VRMS,782,SD,ICFM,L3,2,106,39,145
hackforla/VRMS,1228,AF,UPF,L3,1,13,9,22
hackforla/VRMS,1229,AF,UPF,L3,2,14,6,20
hackforla/VRMS,1339,AF,UPF,L3,1,3,3,6
hackforla/VRMS,1359,AF,IIV,L3,3,4,3,7
hackforla/VRMS,1488,AF,IIV,L3,2,24,28,52
hackforla/VRMS,1492,AF,UPF,L3,1,1,1,2
hackforla/VRMS,1516,AF,RLM,L3,4,123,136,259
hackforla/VRMS,1543,AF,ICFM,L3,1,14,10,24
hackforla/VRMS,1552,AF,ICFM,L3,4,119,5,124
hackforla/VRMS,1554,AF,UPF,L3,1,80,61,141
hackforla/VRMS,1563,AF,UPF,L3,1,1,1,2
hackforla/VRMS,1567,AF,RLM,L3,2,14,13,27
hackforla/VRMS,1582,AF,IAC,L3,2,35,32,67
hackforla/VRMS,1608,AF,IAC,L3,1,2,2,4
hackforla/VRMS,1616,IC,ICFM,L3,1,8,8,16
hackforla/VRMS,1629,AF,UPF,L3,1,3,3,6
hackforla/VRMS,1634,AF,IAC,L3,2,73,66,139
hackforla/VRMS,1646,SD,UPF,L3,14,396,214,610
hackforla/VRMS,1658,AF,ICFM,L3,1,61,36,97
hackforla/VRMS,1667,AF,UPF,L3,1,14,15,29
hackforla/VRMS,1676,AF,UPF,L3,2,22,12,34
hackforla/VRMS,1725,AF,UPF,L3,1,21,13,34
hackforla/VRMS,1727,AF,IIV,L3,1,128,102,230
hackforla/VRMS,1743,AF,TDI,L3,1,51,20,71
hackforla/VRMS,1744,AF,TDI,L3,1,62,17,79
hackforla/VRMS,1764,AF,TDI,L3,1,42,14,56
hackforla/VRMS,1765,AF,IAC,L3,3,42,26,68
hackforla/VRMS,1796,AF,IIV,L3,2,35,24,59
hackforla/VRMS,1846,AF,UPF,L3,1,9,8,17
hackforla/VRMS,1848,AF,UPF,L3,1,28,16,44
hackforla/VRMS,1849,AF,UPF,L3,1,16,10,26
hackforla/VRMS,1850,AF,TDI,L3,1,29,6,35
hackforla/VRMS,1865,AF,TDI,L3,1,2,2,4
hackforla/VRMS,1868,AF,ICFM,L3,1,7,9,16
hackforla/VRMS,1875,AF,UPF,L3,3,65,36,101
hackforla/VRMS,1932,SD,UPF,L3,1,8,5,13
hackforla/VRMS,1989,AF,ICFM,L3,1,18,21,39
hackforla/VRMS,2030,IC,UPF,L3,1,53,42,95
halsafar/BeatSaberSongBrowser,56,AF,ICFM,L3,5,65,42,107
halsafar/BeatSaberSongBrowser,124,SD,ICFM,L3,2,36,2,38
halsafar/BeatSaberSongBrowser,127,AF,TDI,L3,2,67,59,126
halsafar/BeatSaberSongBrowser,129,IC,IAC,L3,1,2,2,4
halsafar/BeatSaberSongBrowser,149,SD,RLM,L3,2,47,0,47
hammy275/immersive-mc,8,VF,ICFM,L5,1,4,0,4
hammy275/immersive-mc,45,IC,UPF,L1,13,194,17,211
hammy275/immersive-mc,71,IC,ICFM,L3,8,56,32,88
hammy275/immersive-mc,129,SD,IAC,L1,5,20,0,20
hammy275/immersive-mc,156,SD,ICFM,L4,2,5,0,5
hammy275/immersive-mc,208,RA,GCE,L4,1,1,1,2
hammy275/immersive-mc,246,VF,IIV,L4,1,8,2,10
hammy275/immersive-mc,310,SD,ICFM,L4,9,9,9,18
hammy275/immersive-mc,368,SD,IAC,L3,8,42,41,83
hammy275/immersive-mc,409,IC,ICFM,L1,2,13,7,20
hammy275/immersive-mc,430,IC,ICFM,L3,1,1,0,1
hammy275/immersive-mc,470,SD,GCE,L3,2,13,13,26
hammy275/immersive-mc,486,AF,ICFM,L3,3,36,3,39
hammy275/immersive-mc,512,RA,ICFM,L3,3,14,2,16
hammy275/immersive-mc,517,IC,IIV,L4,3,5,2,7
hammy275/immersive-mc,547,VF,ICFM,L4,4,12,6,18
hammy275/immersive-mc,552,IC,ICFM,L1,5,34,10,44
hammy275/immersive-mc,561,IC,TDI,L4,6,26,7,33
hardcpp/BeatSaberPlus,30,IC,RLM,L3,1,12,0,12
harfang3d/car-simulator,27,SD,UPF,L4,2,390,372,762
hlrs-vis/covise,102,AF,GCE,L3,1,4,2,6
icosa-foundation/open-brush,5,RA,TDI,L5,9,40,32,72
icosa-foundation/open-brush,89,VF,IIV,L5,4,17,12,29
icosa-foundation/open-brush,97,SD,RLM,L4,1,1,0,1
icosa-foundation/open-brush,190,AF,GCE,L3,1,43,40,83
icosa-foundation/open-brush,271,SD,ICFM,L3,4,74,172,246
icosa-foundation/open-brush,287,AF,TDI,L3,32,333,202,535
icosa-foundation/open-brush,301,VF,GCE,L4,1,5,2,7
icosa-foundation/open-brush,323,IC,ICFM,L3,2,2,2,4
icosa-foundation/open-brush,393,SD,ICFM,L3,4,29,17,46
icosa-foundation/open-brush,420,VF,TDI,L5,1,17,6,23
icosa-foundation/open-brush,427,IC,ICFM,L3,1,5,2,7
icosa-foundation/open-brush,457,SD,ICFM,L4,1,6,8,14
icosa-foundation/open-brush,467,AF,ICFM,L3,12,107,25,132
icosa-foundation/open-brush,472,IC,IIV,L3,1,1,1,2
icosa-foundation/open-brush,480,SD,ICFM,L3,2,5,3,8
icosa-foundation/open-brush,487,IC,ICFM,L1,1,12,3,15
icosa-foundation/open-brush,504,AF,IAC,L4,1,121,37,158
icosa-foundation/open-brush,529,AF,IIV,L3,1,3,1,4
icosa-foundation/open-brush,569,SD,RLM,L3,2,3,8,11
icosa-foundation/open-brush,582,AF,ICFM,L5,3,10,28,38
icosa-foundation/open-brush,680,AF,ICFM,L3,2,19,13,32
icosa-foundation/open-brush,685,RA,TDI,L5,2,34,12,46
icosa-foundation/open-brush,722,AF,IIV,L3,13,479,45,524
icosa-foundation/open-brush,806,RA,IIV,L4,2,2,2,4
immersive-web/cardboard-vr-display,21,VF,GCE,L5,2,11,2,13
immersive-web/cardboard-vr-display,42,IC,IAC,L1,1,2,0,2
immersive-web/webxr-input-profiles,127,AF,ICFM,L1,7,0,0,0
immersive-web/webxr-input-profiles,136,AF,UPF,L4,14,132,7,139
immersive-web/webxr-input-profiles,226,SD,UPF,L2,4,0,0,0
immersive-web/webxr-input-profiles,232,AF,RLM,L4,2,0,0,0
immersive-web/webxr-input-profiles,268,SD,ICFM,L1,1,0,0,0
immersive-web/webxr-input-profiles,273,SD,RLM,L2,2,0,0,0
ir-engine/etherealengine-archive,268,AF,RLM,L3,3,50,13,63
ir-engine/etherealengine-archive,357,AF,ICFM,L3,9,519,400,919
ir-engine/etherealengine-archive,812,AF,IIV,L3,2,4,7,11
ir-engine/etherealengine-archive,813,SD,IAC,L3,2,4,7,11
ir-engine/etherealengine-archive,2873,IC,ICFM,L3,1,19,8,27
ir-engine/etherealengine-archive,4804,IC,TDI,L3,4,4,4,8
ir-engine/etherealengine-archive,5574,AF,RLM,L3,9,172,127,299
ir-engine/etherealengine-archive,7894,AF,UPF,L3,1,37,11,48
j-shm/openxr-experimental-boundary,19,AF,GCE,L4,13,607,51,658
j-shm/openxr-experimental-boundary,24,AF,UPF,L3,2,12,12,24
jbaicoianu/janusweb,193,SD,GCE,L4,1,1,1,2
ju1ce/April-Tag-VR-FullBody-Tracker,62,RA,ICFM,L5,3,120,82,202
ju1ce/April-Tag-VR-FullBody-Tracker,64,AF,IIV,L3,7,57,55,112
ju1ce/April-Tag-VR-FullBody-Tracker,67,SD,GCE,L3,7,50,43,93
ju1ce/April-Tag-VR-FullBody-Tracker,137,AF,ICFM,L3,1,0,0,0
knah/VRCMods,155,SD,ICFM,L5,5,19,6,25
kurotu/VRCQuestTools,5,AF,ICFM,L3,1,44,16,60
leetvr/hotham,111,SD,GCE,L5,9,63,38,101
leetvr/hotham,179,IC,ICFM,L2,1,1,1,2
leetvr/hotham,232,IC,ICFM,L1,1,1,1,2
leetvr/hotham,262,AF,IAC,L4,6,145,34,179
leetvr/hotham,268,RS,TDI,L3,7,230,1,231
leetvr/hotham,278,RA,GCE,L4,2,2,3,5
leetvr/hotham,305,VF,GCE,L1,1,3,3,6
leetvr/hotham,311,RS,IAC,L1,2,60,50,110
leetvr/hotham,344,VF,GCE,L1,2,52,58,110
leetvr/hotham,374,VF,GCE,L5,4,32,22,54
leetvr/hotham,375,VF,GCE,L5,2,16,11,27
leetvr/hotham,399,AF,GCE,L4,4,36,45,81
leetvr/hotham,402,RA,RLM,L4,22,60,70,130
leetvr/hotham,438,SD,RLM,L4,3,26,1,27
liyasthomas/lvr,2,AF,UPF,L4,4,250,28,278
madebywild/konterball,4,VF,TDI,L3,54,193,447,640
marlon360/whiteboard-vr,4,AF,UPF,L3,1,3,2,5
maxxfrazer/RealityUI,13,SD,IAC,L1,1,2,2,4
maxxfrazer/RealityUI,21,SD,IIV,L3,3,4,4,8
mayognaise/aframe-mouse-cursor-component,25,AF,ICFM,L1,3,75,35,110
mcxr-org/MCXR,16,IC,ICFM,L3,3,6,6,12
mcxr-org/MCXR,17,RS,IAC,L1,4,49,3,52
mcxr-org/MCXR,88,VF,IAC,L5,31,277,533,810
microsoft/OpenXR-MixedReality,14,RA,IIV,L5,1,4,0,4
microsoft/mixed-reality-extension-sdk,152,SD,GCE,L4,1,3,3,6
microsoft/mixed-reality-extension-sdk,225,SD,UPF,L1,8,134,97,231
microsoft/mixed-reality-extension-sdk,243,SD,UPF,L4,23,254,94,348
microsoft/mixed-reality-extension-unity,20,IC,IAC,L4,1,3,2,5
microsoft/mixed-reality-extension-unity,38,SD,IAC,L3,3,171,25,196
microsoft/mixed-reality-extension-unity,130,IC,ICFM,L1,2,16,6,22
microsoft/mixed-reality-extension-unity,228,SD,ICFM,L2,1,3,2,5
misyaguziya/VRCT,28,SD,GCE,L4,2,2,2,4
mobfishgmbh/Cardboard-VR-Unity-SDK,60,AF,IAC,L3,1,1,1,2
mordentral/VRExpansionPlugin,9,VF,ICFM,L4,1,10,0,10
mozilla/webxr-polyfill,59,SD,ICFM,L5,2,9,4,13
mtwoodard/hypVR-Ray,1,RA,GCE,L5,1,47,27,74
musehq/spacesvr,57,VF,IAC,L1,1,84,30,114
musehq/spacesvr,71,SD,UPF,L3,8,122,28,150
musehq/spacesvr,136,RA,GCE,L3,34,416,310,726
musehq/spacesvr,138,VF,ICFM,L3,5,24,17,41
musehq/spacesvr,141,AF,RLM,L5,17,339,219,558
musehq/spacesvr,142,AF,IIV,L5,15,663,12,675
musehq/spacesvr,161,AF,ICFM,L1,6,40,31,71
musehq/spacesvr,162,AF,ICFM,L3,8,42,33,75
musehq/spacesvr,173,AF,RLM,L3,4,21,12,33
n5ro/aframe-physics-system,49,AF,GCE,L4,3,5,5,10
n5ro/aframe-physics-system,58,IC,RLM,L4,2,8,0,8
n5ro/aframe-physics-system,160,SD,TDI,L4,3,335,7,342
networked-aframe/networked-aframe,34,IC,UPF,L5,1,2,0,2
networked-aframe/networked-aframe,213,VF,IAC,L4,1,6,4,10
networked-aframe/networked-aframe,353,AF,RLM,L3,1,1,1,2
networked-aframe/networked-aframe,402,SD,RLM,L3,6,58,16,74
networked-aframe/networked-aframe,437,IC,ICFM,L3,1,4,4,8
networked-aframe/networked-aframe,444,AF,IAC,L4,2,2,0,2
networked-aframe/networked-aframe,451,IC,ICFM,L1,2,19,14,33
ngokevin/aframe-core,150,AF,RLM,L3,2,35,13,48
ngokevin/aframe-core,176,AF,RLM,L1,1,59,31,90
ngokevin/aframe-core,302,AF,UPF,L1,1,16,0,16
ngokevin/aframe-core,332,RA,UPF,L3,1,3,1,4
ngokevin/aframe-core,418,RA,UPF,L4,7,240,10,250
ngokevin/aframe-core,424,VF,UPF,L5,1,8,2,10
ngokevin/aframe-core,481,RS,IIV,L3,1,14,8,22
ngokevin/aframe-core,486,AF,IIV,L4,5,411,156,567
ngokevin/aframe-core,511,AF,IIV,L4,1,5,4,9
ngokevin/aframe-core,519,IC,IAC,L4,2,13,1,14
ngokevin/aframe-core,539,SD,UPF,L5,23,304,272,576
ngokevin/aframe-core,574,SD,RLM,L3,22,98,120,218
ngokevin/aframe-core,672,IC,ICFM,L1,1,2,0,2
ngokevin/aframe-core,673,SD,ICFM,L3,1,1,1,2
oneMillionWorlds/Tamarin,1,VF,GCE,L2,8,118,43,161
osrf/vrx,135,SD,UPF,L4,5,15,9,24
osrf/vrx,140,VF,IIV,L5,1,4,0,4
osrf/vrx,162,RA,UPF,L5,10,272,8,280
osrf/vrx,352,AF,IIV,L4,3,2,0,2
osrf/vrx,361,RA,ICFM,L4,1,4,2,6
osrf/vrx,728,SD,GCE,L5,1,1,1,2
overte-org/overte,45,SD,GCE,L4,1,3,3,6
overte-org/overte,147,AF,UPF,L3,7,0,0,0
overte-org/overte,189,SD,RLM,L3,3,121,93,214
overte-org/overte,190,SD,UPF,L3,1,312,540,852
overte-org/overte,195,SD,RLM,L2,4,115,65,180
overte-org/overte,209,AF,IAC,L3,1,2,13,15
overte-org/overte,291,AF,TDI,L1,6,22,4,26
overte-org/overte,294,RA,ICFM,L5,2,38,25,63
overte-org/overte,307,AF,GCE,L4,2,10,8,18
overte-org/overte,470,SD,GCE,L3,1,8,7,15
overte-org/overte,487,IC,IAC,L1,1,1,0,1
overte-org/overte,490,SD,IAC,L3,1,9,11,20
overte-org/overte,498,RA,ICFM,L4,4,31,14,45
overte-org/overte,737,IC,GCE,L3,1,6,6,12
overte-org/overte,781,SD,GCE,L2,1,1,1,2
overte-org/overte,826,SD,GCE,L5,1,8,7,15
overte-org/overte,831,AF,GCE,L3,1,8,7,15
overte-org/overte,862,SD,GCE,L2,2,25,15,40
overte-org/overte,866,SD,GCE,L2,1,1,1,2
overte-org/overte,880,AF,UPF,L3,2,78,39,117
overte-org/overte,975,IC,IIV,L1,1,13,0,13
overte-org/overte,1058,AF,ICFM,L4,8,81,9,90
overte-org/overte,1081,VF,RLM,L1,1,5,2,7
overte-org/overte,1083,AF,IIV,L3,1,1,1,2
overte-org/overte,1094,IC,UPF,L3,3,88,15,103
overte-org/overte,1111,AF,IIV,L3,42,258,125,383
overte-org/overte,1127,IC,ICFM,L1,1,14,3,17
overte-org/overte,1196,AF,UPF,L3,2,24,12,36
overte-org/overte,1210,AF,TDI,L3,2,68,49,117
overte-org/overte,1234,RA,ICFM,L5,6,15,14,29
overte-org/overte,1247,AF,UPF,L3,4,20,21,41
overte-org/overte,1304,AF,UPF,L3,1,9,4,13
overte-org/overte,1307,AF,UPF,L3,2,12,0,12
overte-org/overte,1367,AF,RLM,L3,2,25,34,59
overte-org/overte,1469,AF,IIV,L3,1,7,4,11
overte-org/overte,1503,IC,UPF,L3,1,4,4,8
overte-org/overte,1513,AF,TDI,L3,1,42,44,86
overte-org/overte,1516,RA,GCE,L1,18,163,197,360
overte-org/overte,1595,RA,RLM,L3,3,35,45,80
overte-org/overte,1630,AF,IAC,L1,1,2,0,2
overte-org/overte,1664,SD,IAC,L3,1,3,3,6
overte-org/overte,1690,AF,ICFM,L5,2,21,2,23
overte-org/overte,1710,SD,GCE,L3,4,73,98,171
overte-org/overte,1722,SD,RLM,L3,2,67,24,91
overte-org/overte,1746,IC,IIV,L1,4,26,45,71
overte-org/overte,1761,SD,RLM,L4,2,5,1,6
overte-org/overte,1812,AF,UPF,L3,1,3,3,6
overte-org/overte,1819,RA,UPF,L5,2,6,1,7
philipturner/ARHeadsetKit,32,AF,UPF,L3,3,4,2,6
pmndrs/xr,324,IC,IAC,L3,2,19,5,24
pmndrs/xr,350,IC,ICFM,L1,14,151,109,260
pmndrs/xr,388,VF,IIV,L1,1,4,2,6
pmndrs/xr,391,VF,GCE,L5,1,21,4,25
pmndrs/xr,411,RS,ICFM,L1,1,5,1,6
pmndrs/xr,449,VF,GCE,L5,1,21,4,25
praydog/UEVR,15,SD,ICFM,L5,2,26,9,35
praydog/UEVR,77,IC,ICFM,L1,2,29,0,29
ptrpaws/DreamGrid,1,IC,IIV,L3,2,30,1,31
ptrpaws/DreamGrid,3,RA,UPF,L5,2,32,0,32
ptrpaws/DreamGrid,4,RS,UPF,L5,1,28,1,29
puckey/dance-tonite,6,AF,GCE,L5,1,10,5,15
pupil-labs/hmd-eyes,4,SD,GCE,L5,1,3,3,6
pushrax/OpenVR-SpaceCalibrator,55,AF,TDI,L3,1,3,0,3
quadjr/aframe-gaussian-splatting,2,SD,TDI,L4,6,11,11,22
quadjr/aframe-gaussian-splatting,12,RA,TDI,L5,5,7,5,12
rdub80/aframe-gui,12,SD,ICFM,L3,5,120,88,208
rdub80/aframe-gui,25,RA,RLM,L3,3,62,23,85
rollingrock/Fallout-4-VR-Body,66,AF,IIV,L2,5,48,9,57
rollingrock/Fallout-4-VR-Body,69,RA,IIV,L5,2,19,28,47
rollingrock/Fallout-4-VR-Body,84,SD,IAC,L2,1,7,7,14
rollingrock/Fallout-4-VR-Body,127,VF,IIV,L2,18,142,122,264
satchelfrost/revolvr,43,AF,IIV,L4,48,399,41,440
scenerygraphics/scenery,37,SD,RLM,L5,6,102,59,161
scenerygraphics/scenery,38,SD,GCE,L1,3,52,7,59
scenerygraphics/scenery,146,RA,ICFM,L5,2,10,5,15
scenerygraphics/scenery,147,RA,GCE,L5,3,20,9,29
scenerygraphics/scenery,181,VF,RLM,L5,1,9,3,12
scenerygraphics/scenery,213,IC,IAC,L3,6,19,9,28
scenerygraphics/scenery,287,RA,RLM,L5,10,72,45,117
scenerygraphics/scenery,377,IC,GCE,L1,1,14,4,18
scenerygraphics/scenery,381,SD,GCE,L1,4,40,36,76
scenerygraphics/scenery,444,VF,RLM,L5,6,36,12,48
scenerygraphics/scenery,456,RA,RLM,L4,10,52,30,82
scenerygraphics/scenery,493,AF,TDI,L4,1,3,4,7
scenerygraphics/scenery,750,AF,GCE,L4,2,33,24,57
scenerygraphics/scenery,757,RA,GCE,L3,2,33,24,57
secondlife/viewer,33,VF,ICFM,L1,3,46,34,80
secondlife/viewer,108,AF,RLM,L3,1,19,4,23
secondlife/viewer,115,AF,ICFM,L4,1,15,0,15
secondlife/viewer,168,AF,TDI,L3,2,5,0,5
secondlife/viewer,169,AF,ICFM,L3,2,0,2,2
secondlife/viewer,174,AF,GCE,L4,1,0,5,5
secondlife/viewer,176,AF,ICFM,L4,4,31,105,136
secondlife/viewer,182,AF,ICFM,L4,5,69,42,111
secondlife/viewer,212,RA,ICFM,L3,3,10,2,12
secondlife/viewer,234,AF,GCE,L4,6,104,12,116
secondlife/viewer,235,SD,IAC,L2,4,24,17,41
secondlife/viewer,249,AF,IIV,L3,32,258,366,624
secondlife/viewer,272,AF,ICFM,L3,1,3,0,3
secondlife/viewer,304,AF,GCE,L3,6,12,24,36
secondlife/viewer,307,AF,ICFM,L5,3,6,12,18
secondlife/viewer,351,AF,ICFM,L3,8,17,18,35
secondlife/viewer,356,AF,UPF,L3,1,1,0,1
secondlife/viewer,389,SD,ICFM,L3,1,7,0,7
secondlife/viewer,391,AF,RLM,L3,1,4,1,5
secondlife/viewer,399,SD,ICFM,L5,12,118,108,226
secondlife/viewer,406,SD,GCE,L3,2,9,5,14
secondlife/viewer,480,AF,IAC,L3,5,36,30,66
secondlife/viewer,500,SD,GCE,L3,2,17,8,25
secondlife/viewer,508,SD,RLM,L3,4,52,24,76
secondlife/viewer,526,VF,GCE,L5,15,312,18,330
secondlife/viewer,605,IC,ICFM,L3,4,21,1,22
secondlife/viewer,626,SD,GCE,L5,2,0,25,25
secondlife/viewer,635,AF,IIV,L3,3,6,3,9
secondlife/viewer,655,IC,UPF,L3,36,76,100,176
secondlife/viewer,696,RA,ICFM,L5,3,3,3,6
secondlife/viewer,721,RA,GCE,L4,9,46,53,99
secondlife/viewer,730,RS,ICFM,L5,2,16,18,34
secondlife/viewer,731,AF,GCE,L4,4,4,4,8
secondlife/viewer,779,SD,ICFM,L3,30,222,30,252
secondlife/viewer,789,IC,RLM,L4,2,12,0,12
secondlife/viewer,795,SD,RLM,L3,36,601,203,804
secondlife/viewer,822,IC,RLM,L3,3,107,1,108
secondlife/viewer,854,SD,RLM,L4,10,16,92,108
secondlife/viewer,888,RA,GCE,L4,4,62,4,66
secondlife/viewer,938,AF,ICFM,L3,3,39,11,50
secondlife/viewer,944,AF,UPF,L3,39,245,232,477
secondlife/viewer,956,AF,GCE,L3,2,16,2,18
secondlife/viewer,957,AF,ICFM,L3,1,42,30,72
secondlife/viewer,982,AF,TDI,L3,10,108,175,283
secondlife/viewer,989,RA,IIV,L4,4,10,4,14
secondlife/viewer,1050,SD,RLM,L4,2,2,0,2
secondlife/viewer,1055,VF,GCE,L2,6,144,90,234
secondlife/viewer,1059,AF,RLM,L4,11,305,58,363
secondlife/viewer,1067,AF,ICFM,L3,5,38,52,90
secondlife/viewer,1068,SD,UPF,L4,2,6,12,18
secondlife/viewer,1106,AF,ICFM,L3,1,15,9,24
secondlife/viewer,1130,VF,IIV,L5,10,260,59,319
secondlife/viewer,1139,RA,GCE,L5,52,227,264,491
secondlife/viewer,1154,IC,RLM,L3,2,10,10,20
secondlife/viewer,1165,SD,ICFM,L4,7,31,19,50
secondlife/viewer,1200,VF,ICFM,L5,14,369,224,593
secondlife/viewer,1207,AF,UPF,L3,2,6,6,12
secondlife/viewer,1261,AF,IAC,L3,23,235,125,360
secondlife/viewer,1299,AF,ICFM,L4,2,78,3,81
secondlife/viewer,1348,SD,RLM,L3,26,226,121,347
secondlife/viewer,1420,SD,RLM,L3,60,381,523,904
secondlife/viewer,1466,AF,GCE,L4,2,2,2,4
secondlife/viewer,1467,SD,ICFM,L4,6,80,8,88
secondlife/viewer,1472,IC,GCE,L3,4,4,4,8
secondlife/viewer,1474,AF,UPF,L4,12,98,44,142
secondlife/viewer,1480,SD,IIV,L3,2,17,0,17
secondlife/viewer,1485,AF,GCE,L4,4,11,16,27
secondlife/viewer,1493,SD,UPF,L5,3,24,0,24
secondlife/viewer,1494,VF,ICFM,L5,7,37,47,84
secondlife/viewer,1519,VF,GCE,L1,5,25,27,52
secondlife/viewer,1520,IC,IIV,L3,8,90,44,134
secondlife/viewer,1540,AF,ICFM,L3,2,8,2,10
secondlife/viewer,1577,IC,IIV,L3,6,27,15,42
secondlife/viewer,1578,SD,GCE,L3,2,56,33,89
secondlife/viewer,1584,IC,UPF,L3,2,2,2,4
secondlife/viewer,1600,IC,IIV,L3,4,8,8,16
secondlife/viewer,1614,RA,GCE,L4,1,1,10,11
secondlife/viewer,1628,RA,ICFM,L4,4,20,14,34
secondlife/viewer,1733,AF,GCE,L3,2,8,8,16
secondlife/viewer,1754,AF,RLM,L4,18,157,51,208
secondlife/viewer,1771,SD,ICFM,L4,2,26,0,26
secondlife/viewer,1773,AF,IAC,L3,20,0,20,20
secondlife/viewer,1786,AF,GCE,L3,1,3,3,6
secondlife/viewer,1794,SD,ICFM,L4,3,36,30,66
secondlife/viewer,1835,IC,GCE,L1,1,1,1,2
secondlife/viewer,1847,AF,GCE,L4,27,387,156,543
secondlife/viewer,1905,IC,IAC,L3,2,11,2,13
secondlife/viewer,1917,AF,ICFM,L3,2,2,4,6
secondlife/viewer,1923,SD,GCE,L3,2,96,16,112
secondlife/viewer,1932,AF,ICFM,L3,2,8,4,12
secondlife/viewer,1965,RA,ICFM,L3,3,15,0,15
secondlife/viewer,1973,RA,ICFM,L3,1,5,0,5
secondlife/viewer,1988,IC,IIV,L3,1,2,2,4
secondlife/viewer,2017,AF,ICFM,L4,1,4,1,5
secondlife/viewer,2027,IC,ICFM,L4,2,73,12,85
secondlife/viewer,2064,SD,ICFM,L4,2,27,2,29
secondlife/viewer,2144,AF,UPF,L3,2,2,2,4
secondlife/viewer,2160,AF,ICFM,L3,1,1,1,2
secondlife/viewer,2279,VF,IIV,L5,4,16,30,46
secondlife/viewer,2323,RA,GCE,L4,12,30,11,41
secondlife/viewer,2410,IC,UPF,L3,4,5,5,10
secondlife/viewer,2427,IC,ICFM,L3,2,10,0,10
secondlife/viewer,2469,IC,ICFM,L3,9,279,72,351
secondlife/viewer,2505,AF,UPF,L3,1,0,0,0
secondlife/viewer,2558,RA,ICFM,L5,7,27,13,40
secondlife/viewer,2572,AF,IIV,L3,13,10,13,23
secondlife/viewer,2577,RA,ICFM,L4,7,65,44,109
secondlife/viewer,2637,RA,GCE,L4,2,12,14,26
secondlife/viewer,2639,SD,ICFM,L3,4,132,132,264
secondlife/viewer,2646,IC,IAC,L3,4,6,6,12
secondlife/viewer,2663,AF,UPF,L3,3,39,37,76
secondlife/viewer,2671,SD,RLM,L5,2,18,2,20
secondlife/viewer,2680,AF,RLM,L3,6,39,15,54
secondlife/viewer,2709,AF,GCE,L3,4,12,12,24
secondlife/viewer,2711,AF,TDI,L3,28,0,28,28
secondlife/viewer,2753,IC,RLM,L3,2,8,2,10
secondlife/viewer,2772,RA,IAC,L5,2,4,2,6
secondlife/viewer,2780,RA,ICFM,L4,12,112,12,124
secondlife/viewer,2863,AF,ICFM,L4,2,2,16,18
secondlife/viewer,2883,RA,RLM,L3,12,82,6,88
secondlife/viewer,2894,SD,RLM,L4,10,145,0,145
secondlife/viewer,2964,RA,ICFM,L4,2,2,0,2
secondlife/viewer,2971,RA,ICFM,L4,2,36,2,38
secondlife/viewer,2997,AF,ICFM,L3,4,8,20,28
secondlife/viewer,2999,RA,RLM,L3,6,0,68,68
secondlife/viewer,3001,IC,ICFM,L1,2,6,0,6
secondlife/viewer,3026,RA,IAC,L4,6,40,25,65
secondlife/viewer,3034,RA,RLM,L3,12,110,0,110
secondlife/viewer,3036,IC,RLM,L3,4,4,4,8
secondlife/viewer,3037,SD,RLM,L2,5,314,242,556
secondlife/viewer,3059,RA,ICFM,L2,4,70,4,74
secondlife/viewer,3068,AF,IIV,L3,7,235,180,415
secondlife/viewer,3096,IC,GCE,L3,3,3,3,6
secondlife/viewer,3099,IC,RLM,L4,7,66,39,105
secondlife/viewer,3156,AF,ICFM,L3,1,6,1,7
secondlife/viewer,3157,AF,ICFM,L4,6,70,22,92
secondlife/viewer,3170,IC,RLM,L3,13,57,44,101
secondlife/viewer,3171,AF,ICFM,L3,2,2,0,2
secondlife/viewer,3190,SD,RLM,L4,9,96,48,144
secondlife/viewer,3234,RA,GCE,L4,2,4,2,6
secondlife/viewer,3248,AF,GCE,L4,2,2,2,4
secondlife/viewer,3256,RA,ICFM,L4,4,36,0,36
secondlife/viewer,3267,IC,UPF,L3,48,60,60,120
secondlife/viewer,3270,RA,GCE,L4,2,24,4,28
secondlife/viewer,3275,AF,UPF,L3,12,15,15,30
secondlife/viewer,3290,SD,ICFM,L3,2,2,2,4
secondlife/viewer,3311,RA,ICFM,L5,11,68,65,133
secondlife/viewer,3317,IC,GCE,L5,25,48,105,153
secondlife/viewer,3331,IC,RLM,L3,4,26,2,28
secondlife/viewer,3332,RA,RLM,L3,80,271,96,367
secondlife/viewer,3353,IC,ICFM,L3,4,48,0,48
secondlife/viewer,3377,IC,ICFM,L3,3,6,3,9
secondlife/viewer,3394,IC,IAC,L3,3,6,6,12
secondlife/viewer,3407,AF,UPF,L3,2,15,21,36
secondlife/viewer,3445,AF,ICFM,L4,5,20,27,47
secondlife/viewer,3456,AF,ICFM,L4,12,417,376,793
secondlife/viewer,3511,SD,ICFM,L4,9,20,3,23
secondlife/viewer,3599,AF,RLM,L3,1,0,1,1
secondlife/viewer,3611,AF,GCE,L5,4,10,8,18
secondlife/viewer,3630,SD,IAC,L3,6,8,4,12
secondlife/viewer,3654,AF,UPF,L3,21,47,20,67
secondlife/viewer,3661,AF,GCE,L3,2,2,2,4
secondlife/viewer,3663,AF,IIV,L4,6,26,2,28
secondlife/viewer,3719,RA,ICFM,L5,2,11,28,39
secondlife/viewer,3735,RA,GCE,L4,9,87,66,153
secondlife/viewer,3762,AF,UPF,L3,20,20,20,40
secondlife/viewer,3778,AF,UPF,L3,12,32,14,46
secondlife/viewer,3791,SD,ICFM,L4,2,114,108,222
secondlife/viewer,3853,IC,UPF,L4,1,22,2,24
secondlife/viewer,3856,AF,GCE,L4,1,3,1,4
secondlife/viewer,3863,IC,RLM,L4,4,10,2,12
secondlife/viewer,3887,IC,IAC,L3,6,2,14,16
secondlife/viewer,3897,SD,GCE,L3,15,98,47,145
secondlife/viewer,3898,SD,UPF,L3,2,2,2,4
secondlife/viewer,3921,AF,GCE,L3,3,24,15,39
secondlife/viewer,3972,AF,GCE,L3,3,259,44,303
secondlife/viewer,3978,SD,GCE,L4,2,2,4,6
secondlife/viewer,3990,IC,ICFM,L1,4,23,29,52
secondlife/viewer,4008,IC,ICFM,L3,4,26,26,52
secondlife/viewer,4038,IC,ICFM,L3,1,1,1,2
secondlife/viewer,4047,IC,ICFM,L3,14,176,2,178
secondlife/viewer,4053,AF,ICFM,L3,1,0,4,4
secondlife/viewer,4092,AF,ICFM,L3,1,2,1,3
secondlife/viewer,4132,AF,ICFM,L3,2,2,2,4
secondlife/viewer,4186,RA,ICFM,L4,1,1,0,1
secondlife/viewer,4337,RS,ICFM,L5,8,36,4,40
secondlife/viewer,4353,AF,UPF,L3,3,6,6,12
secondlife/viewer,4366,SD,RLM,L3,1,1,0,1
secondlife/viewer,4386,IC,ICFM,L3,2,26,9,35
secondlife/viewer,4391,IC,ICFM,L1,2,32,0,32
secondlife/viewer,4424,AF,ICFM,L3,2,2,4,6
secondlife/viewer,4460,IC,UPF,L3,6,18,14,32
secondlife/viewer,4472,IC,ICFM,L5,2,10,10,20
secondlife/viewer,4474,IC,UPF,L5,18,150,10,160
secondlife/viewer,4587,RA,RLM,L4,7,108,44,152
secondlife/viewer,4623,IC,ICFM,L3,2,2,2,4
secondlife/viewer,4647,AF,IAC,L3,2,41,11,52
secondlife/viewer,4675,AF,RLM,L3,12,48,12,60
secondlife/viewer,4715,SD,ICFM,L3,12,158,6,164
sencercoltu/steamvr-undistort,10,VF,GCE,L5,1,4,15,19
sh-akira/VirtualMotionCapture,75,SD,GCE,L2,1,1,3,4
silverslade/aframe_blender_exporter,7,AF,UPF,L3,1,4,0,4
simonedevit/reactylon,6,SD,UPF,L3,2,30,14,44
smallfly/ofxOpenVR,7,SD,GCE,L2,2,3,3,6
space-chat/space-chat,80,RA,RLM,L3,2,0,28,28
space-chat/space-chat,101,AF,UPF,L4,4,9,7,16
space-chat/space-chat,130,SD,UPF,L4,2,2,2,4
space-chat/space-chat,133,RA,RLM,L5,6,339,6,345
supermedium/aframe-react,58,AF,TDI,L4,2,86,0,86
supermedium/aframe-react,85,IC,RLM,L4,6,147,18,165
supermedium/aframe-react,127,IC,IIV,L3,1,1,1,2
teliportme/remixvr,2,RS,IIV,L5,1,1,7,8
tizzle/aframe-orbit-controls-component,1,IC,ICFM,L1,2,32,2,34
tizzle/aframe-orbit-controls-component,4,IC,IIV,L5,3,41,7,48
tizzle/aframe-orbit-controls-component,15,SD,TDI,L1,1,9,8,17
uezo/aiavatarkit,27,IC,IAC,L2,2,6,2,8
uic-evl/omegalib,11,RA,UPF,L4,6,157,114,271
uic-evl/omegalib,30,VF,UPF,L5,6,179,125,304
uic-evl/omegalib,44,SD,GCE,L3,2,29,14,43
uic-evl/omegalib,72,SD,RLM,L3,1,3,1,4
uic-evl/omegalib,76,AF,RLM,L4,1,5,0,5
uic-evl/omegalib,133,IC,UPF,L1,2,76,60,136
uic-evl/omegalib,160,SD,GCE,L5,1,1,1,2
unavi-xyz/unavi,333,RA,ICFM,L4,28,417,91,508
unavi-xyz/unavi,698,RA,GCE,L5,1,6,1,7
vasturiano/3d-force-graph-vr,21,RS,ICFM,L5,1,9,0,9
vasturiano/3d-force-graph-vr,52,IC,TDI,L1,5,27,19,46
videojs/videojs-vr,16,SD,IAC,L5,3,18,4,22
videojs/videojs-vr,17,VF,ICFM,L5,5,87,38,125
videojs/videojs-vr,32,VF,ICFM,L5,1,4,3,7
videojs/videojs-vr,75,AF,TDI,L3,1,56,2,58
videojs/videojs-vr,76,SD,ICFM,L5,3,31,31,62
videojs/videojs-vr,96,IC,UPF,L1,3,128,0,128
videojs/videojs-vr,104,SD,ICFM,L5,1,0,1,1
videojs/videojs-vr,177,AF,TDI,L5,1,9,2,11
vimeo/aframe-vimeo-component,5,VF,IIV,L5,1,3,1,4
vircadia/vircadia-native-core,55,IC,IIV,L2,5,85,31,116
vircadia/vircadia-native-core,64,RA,GCE,L5,2,119,60,179
vircadia/vircadia-native-core,72,RA,TDI,L1,2,2,1,3
vircadia/vircadia-native-core,98,AF,IAC,L3,2,2,0,2
vircadia/vircadia-native-core,107,AF,IIV,L3,2,55,12,67
vircadia/vircadia-native-core,113,AF,TDI,L3,4,51,15,66
vircadia/vircadia-native-core,117,IC,GCE,L3,3,11,10,21
vircadia/vircadia-native-core,120,AF,IIV,L3,1,2,1,3
vircadia/vircadia-native-core,123,SD,TDI,L2,1,4,4,8
vircadia/vircadia-native-core,125,VF,TDI,L5,3,83,3,86
vircadia/vircadia-native-core,161,IC,RLM,L3,1,0,25,25
vircadia/vircadia-native-core,165,RS,TDI,L3,2,7,6,13
vircadia/vircadia-native-core,166,SD,UPF,L4,1,72,0,72
vircadia/vircadia-native-core,179,SD,IIV,L3,2,26,4,30
vircadia/vircadia-native-core,224,SD,ICFM,L4,2,2,2,4
vircadia/vircadia-native-core,244,AF,UPF,L3,2,27,8,35
vircadia/vircadia-native-core,263,RA,ICFM,L5,5,356,0,356
vircadia/vircadia-native-core,267,VF,TDI,L2,1,4,4,8
vircadia/vircadia-native-core,269,VF,IIV,L5,1,2,2,4
vircadia/vircadia-native-core,288,AF,GCE,L5,1,1,1,2
vircadia/vircadia-native-core,294,AF,ICFM,L4,2,38,25,63
vircadia/vircadia-native-core,302,AF,ICFM,L4,7,289,20,309
vircadia/vircadia-native-core,307,RA,GCE,L4,1,5,4,9
vircadia/vircadia-native-core,369,AF,ICFM,L3,1,17,0,17
vircadia/vircadia-native-core,412,SD,TDI,L4,6,94,146,240
vircadia/vircadia-native-core,426,AF,ICFM,L3,3,6,8,14
vircadia/vircadia-native-core,436,AF,ICFM,L3,1,2,3,5
vircadia/vircadia-native-core,452,SD,TDI,L2,2,62,14,76
vircadia/vircadia-native-core,484,AF,TDI,L3,6,101,17,118
vircadia/vircadia-native-core,512,IC,IIV,L1,2,6,2,8
vircadia/vircadia-native-core,522,IC,IIV,L3,1,1,1,2
vircadia/vircadia-native-core,606,AF,UPF,L3,3,75,23,98
vircadia/vircadia-native-core,607,AF,UPF,L3,12,290,6,296
vircadia/vircadia-native-core,662,VF,ICFM,L1,1,2,1,3
vircadia/vircadia-native-core,681,SD,UPF,L4,1,1,1,2
vircadia/vircadia-native-core,689,AF,ICFM,L3,1,75,23,98
vircadia/vircadia-native-core,702,RA,TDI,L5,7,231,0,231
vircadia/vircadia-native-core,737,AF,TDI,L3,1,530,361,891
vircadia/vircadia-native-core,738,AF,IIV,L3,2,34,28,62
vircadia/vircadia-native-core,838,VF,GCE,L3,6,29,29,58
vircadia/vircadia-native-core,874,SD,IAC,L3,3,30,12,42
vircadia/vircadia-native-core,942,SD,UPF,L2,1,3,3,6
vircadia/vircadia-native-core,1050,AF,GCE,L3,12,169,128,297
vircadia/vircadia-native-core,1076,AF,ICFM,L4,17,521,318,839
vircadia/vircadia-native-core,1124,SD,IIV,L2,2,2,2,4
vircadia/vircadia-native-core,1161,AF,GCE,L3,5,17,15,32
vircadia/vircadia-native-core,1181,AF,IAC,L4,1,1,1,2
vircadia/vircadia-native-core,1252,IC,ICFM,L3,2,83,12,95
vircadia/vircadia-web,56,AF,ICFM,L3,2,30,11,41
vircadia/vircadia-web,65,AF,ICFM,L3,3,33,8,41
vircadia/vircadia-web,82,AF,IIV,L3,6,78,12,90
vircadia/vircadia-web,101,AF,UPF,L3,5,33,12,45
vircadia/vircadia-web,130,SD,GCE,L2,2,30,24,54
vircadia/vircadia-web,142,SD,ICFM,L2,2,20,5,25
vircadia/vircadia-web,143,SD,ICFM,L1,6,36,10,46
vircadia/vircadia-web,151,AF,IIV,L3,5,149,106,255
vircadia/vircadia-web,153,SD,ICFM,L3,4,210,225,435
vircadia/vircadia-web,159,AF,UPF,L3,1,17,20,37
vircadia/vircadia-web,181,SD,IIV,L2,22,292,182,474
vistle/vistle,197,IC,IIV,L3,4,8,4,12
vitrivr/vitrivr-vr,8,SD,IAC,L1,5,93,20,113
vitrivr/vitrivr-vr,28,IC,ICFM,L3,8,164,2,166
vizorvr/patches,102,AF,RLM,L3,12,307,114,421
vizorvr/patches,137,SD,IIV,L3,10,239,19,258
vizorvr/patches,147,SD,UPF,L3,11,134,58,192
vizorvr/patches,148,AF,UPF,L3,11,134,58,192
vizorvr/patches,207,AF,ICFM,L3,9,277,219,496
vizorvr/patches,214,AF,ICFM,L3,6,97,77,174
vizorvr/patches,215,IC,UPF,L3,9,277,219,496
vizorvr/patches,219,IC,RLM,L3,9,277,219,496
vizorvr/patches,221,IC,ICFM,L3,9,277,219,496
vizorvr/patches,299,AF,IAC,L3,2,14,10,24
vizorvr/patches,351,AF,GCE,L3,1,2,1,3
vizorvr/patches,398,IC,ICFM,L3,1,5,2,7
vizorvr/patches,427,AF,ICFM,L4,1,5,3,8
vizorvr/patches,478,RA,RLM,L5,1,25,22,47
vizorvr/patches,495,RA,ICFM,L1,2,6,1,7
vizorvr/patches,559,IC,RLM,L3,2,29,8,37
vizorvr/patches,584,RA,IIV,L4,7,85,74,159
vizorvr/patches,604,RA,ICFM,L4,4,22,18,40
vizorvr/patches,608,RS,IIV,L3,7,85,74,159
vizorvr/patches,615,RS,UPF,L3,8,120,55,175
vizorvr/patches,624,IC,ICFM,L3,1,11,8,19
vizorvr/patches,655,SD,RLM,L3,3,299,36,335
vizorvr/patches,673,AF,RLM,L3,7,230,383,613
vizorvr/patches,788,SD,IAC,L3,2,2,2,4
vizorvr/patches,800,SD,IIV,L3,6,175,132,307
vizorvr/patches,804,SD,UPF,L3,2,6,0,6
vizorvr/patches,822,SD,UPF,L3,2,12,0,12
vizorvr/patches,824,SD,ICFM,L3,1,86,6,92
vizorvr/patches,828,SD,ICFM,L5,1,4,0,4
vizorvr/patches,853,RA,IIV,L5,3,16,12,28
vizorvr/patches,861,AF,RLM,L3,5,79,68,147
vizorvr/patches,873,RA,GCE,L5,2,19,19,38
vizorvr/patches,874,SD,RLM,L3,2,9,0,9
vizorvr/patches,877,RA,ICFM,L4,2,4,0,4
vizorvr/patches,896,SD,IAC,L4,11,170,131,301
vizorvr/patches,911,AF,ICFM,L3,6,126,14,140
vizorvr/patches,913,SD,RLM,L4,10,73,109,182
vizorvr/patches,916,VF,GCE,L5,5,86,55,141
vizorvr/patches,944,SD,ICFM,L3,9,133,75,208
vizorvr/patches,961,IC,ICFM,L1,1,6,4,10
vizorvr/patches,970,AF,UPF,L3,6,10,24,34
vizorvr/patches,990,AF,GCE,L3,2,92,166,258
vizorvr/patches,998,VF,IAC,L5,6,135,96,231
vizorvr/patches,1003,SD,ICFM,L3,9,133,75,208
vizorvr/patches,1004,SD,ICFM,L3,9,133,75,208
vizorvr/patches,1005,AF,ICFM,L3,18,266,150,416
vizorvr/patches,1007,AF,IIV,L4,5,20,2,22
vizorvr/patches,1019,SD,RLM,L3,1,24,13,37
vizorvr/patches,1022,SD,GCE,L3,2,6,6,12
vizorvr/patches,1075,IC,GCE,L1,2,10,2,12
vizorvr/patches,1078,VF,GCE,L5,1,1,1,2
vizorvr/patches,1107,VF,ICFM,L1,2,12,2,14
vizorvr/patches,1109,AF,ICFM,L3,2,11,7,18
vizorvr/patches,1111,RA,IAC,L5,1,1,1,2
vizorvr/patches,1141,AF,RLM,L1,1,6,3,9
vizorvr/patches,1142,VF,UPF,L5,1,6,3,9
vizorvr/patches,1143,RS,IIV,L1,10,574,54,628
vizorvr/patches,1172,RA,IAC,L5,3,6,3,9
vizorvr/patches,1187,IC,ICFM,L1,4,77,21,98
vizorvr/patches,1218,AF,UPF,L3,1,1,1,2
vizorvr/patches,1257,AF,IIV,L4,4,8,8,16
vizorvr/patches,1258,IC,IIV,L4,10,261,168,429
vizorvr/patches,1265,RS,IIV,L5,2,10,0,10
vizorvr/patches,1276,IC,GCE,L3,1,3,1,4
vizorvr/patches,1298,AF,UPF,L3,4,36,6,42
vizorvr/patches,1325,IC,RLM,L3,2,7,1,8
vizorvr/patches,1326,VF,ICFM,L5,9,112,69,181
vizorvr/patches,1345,IC,RLM,L5,1,8,0,8
vizorvr/patches,1375,RA,UPF,L3,3,9,3,12
vizorvr/patches,1431,VF,GCE,L5,1,1,1,2
vizorvr/patches,1440,VF,ICFM,L1,4,20,11,31
vizorvr/patches,1453,AF,UPF,L3,1,3,1,4
vizorvr/patches,1457,RA,ICFM,L3,2,5,1,6
vizorvr/patches,1472,IC,ICFM,L3,8,175,76,251
vizorvr/patches,1488,IC,IIV,L3,1,2,1,3
vizorvr/patches,1506,SD,IAC,L3,4,74,11,85
vizorvr/patches,1559,AF,ICFM,L3,11,112,357,469
vizorvr/patches,1580,SD,TDI,L3,2,134,94,228
vizorvr/patches,1609,AF,UPF,L3,1,1,1,2
vizorvr/patches,1610,AF,UPF,L3,3,19,7,26
vizorvr/patches,1622,IC,UPF,L3,2,384,458,842
vizorvr/patches,1623,IC,IIV,L1,2,8,6,14
vizorvr/patches,1648,VF,RLM,L5,2,26,12,38
vizorvr/patches,1649,VF,RLM,L5,1,13,6,19
vizorvr/patches,1664,AF,RLM,L3,13,143,130,273
vizorvr/patches,1671,SD,UPF,L3,1,31,0,31
vizorvr/patches,1722,AF,ICFM,L3,9,158,134,292
vizorvr/patches,1799,IC,RLM,L1,1,6,5,11
vizorvr/patches,1802,AF,ICFM,L3,8,176,49,225
vizorvr/patches,1825,IC,IIV,L3,1,1,1,2
vizorvr/patches,1879,AF,UPF,L3,1,3,3,6
vizorvr/patches,1900,AF,RLM,L3,19,377,119,496
vizorvr/patches,1916,RA,IIV,L5,2,2,2,4
vizorvr/patches,1946,AF,RLM,L3,9,234,45,279
vizorvr/patches,1996,AF,UPF,L3,4,8,9,17
vizorvr/patches,2002,VF,ICFM,L5,2,8,4,12
vizorvr/patches,2012,AF,UPF,L3,1,42,38,80
vizorvr/patches,2018,AF,UPF,L3,19,233,186,419
vizorvr/patches,2069,RA,ICFM,L5,11,141,115,256
vizorvr/patches,2079,RA,GCE,L5,3,12,9,21
vrc-get/vrc-get,638,IC,UPF,L3,1,2,2,4
vrc-get/vrc-get,671,AF,UPF,L3,9,9,8,17
vrc-get/vrc-get,703,AF,UPF,L3,3,35,31,66
vrc-get/vrc-get,810,AF,UPF,L3,2,2,8,10
vrc-get/vrc-get,1145,AF,UPF,L3,1,7,3,10
vrc-get/vrc-get,1147,AF,UPF,L3,14,409,302,711
vrc-get/vrc-get,1749,AF,TDI,L3,15,359,97,456
vrc-get/vrc-get,2210,AF,UPF,L3,1,10,2,12
vrc-get/vrc-get,2226,AF,UPF,L3,1,16,0,16
vrc-get/vrc-get,2257,AF,UPF,L3,9,10,9,19
vrc-get/vrc-get,2516,AF,UPF,L3,2,5,3,8
vrc-get/vrc-get,2517,AF,TDI,L3,20,244,305,549
vrcx-team/VRCX,48,AF,UPF,L3,1,1,1,2
vrcx-team/VRCX,89,IC,ICFM,L1,2,30,3,33
vrcx-team/VRCX,683,AF,UPF,L3,1,0,3,3
vrcx-team/VRCX,707,SD,UPF,L3,3,8,7,15
vrcx-team/VRCX,709,AF,UPF,L3,1,28,8,36
vrcx-team/VRCX,903,IC,ICFM,L3,1,6,2,8
vrcx-team/VRCX,992,AF,TDI,L3,11,36,11,47
vrcx-team/VRCX,1007,IC,IAC,L3,1,2,12,14
vrcx-team/VRCX,1010,AF,UPF,L3,1,2,2,4
vrcx-team/VRCX,1011,SD,UPF,L3,1,9,0,9
vrcx-team/VRCX,1026,AF,UPF,L3,1,5,1,6
vrcx-team/VRCX,1042,AF,RLM,L3,2,14,13,27
vrcx-team/VRCX,1047,AF,UPF,L3,1,0,8,8
vrcx-team/VRCX,1062,AF,UPF,L3,1,2,2,4
vrcx-team/VRCX,1078,AF,UPF,L3,9,60,51,111
vrcx-team/VRCX,1122,AF,ICFM,L3,14,148,111,259
vrcx-team/VRCX,1134,AF,ICFM,L3,5,29,27,56
vrcx-team/VRCX,1147,AF,ICFM,L3,1,90,45,135
vrcx-team/VRCX,1192,SD,IAC,L3,12,183,136,319
vrcx-team/VRCX,1230,AF,IAC,L3,8,23,23,46
vrcx-team/VRCX,1233,IC,IAC,L3,2,48,22,70
vrcx-team/VRCX,1326,AF,UPF,L3,4,14,2,16
vrcx-team/VRCX,1416,AF,UPF,L5,2,71,14,85
vrcx-team/VRCX,1422,AF,UPF,L3,1,65,33,98
vrcx-team/VRCX,1428,AF,UPF,L3,1,1,1,2
vrcx-team/VRCX,1478,AF,UPF,L3,2,50,41,91
vrm-c/UniVRM,203,AF,IIV,L4,1,12,2,14
vrm-c/UniVRM,204,AF,ICFM,L4,1,4,0,4
vrm-c/UniVRM,214,AF,IAC,L4,1,4,3,7
vrm-c/UniVRM,423,AF,IAC,L4,4,162,164,326
vrm-c/UniVRM,449,AF,ICFM,L2,2,22,1,23
vrm-c/UniVRM,511,IC,IIV,L3,1,22,8,30
vrm-c/UniVRM,515,SD,RLM,L2,1,5,2,7
vrm-c/UniVRM,586,RS,ICFM,L4,1,14,24,38
vrm-c/UniVRM,603,SD,ICFM,L2,1,8,1,9
vrm-c/UniVRM,628,AF,RLM,L4,1,4,1,5
vrm-c/UniVRM,673,SD,IIV,L4,1,30,8,38
vrm-c/UniVRM,821,AF,IAC,L4,5,165,67,232
vrm-c/UniVRM,826,VF,UPF,L5,1,4,0,4
vrm-c/UniVRM,899,SD,IAC,L4,2,68,7,75
vrm-c/UniVRM,1136,AF,IIV,L3,3,40,15,55
vrm-c/UniVRM,1142,AF,RLM,L3,5,41,59,100
vrm-c/UniVRM,1193,AF,IIV,L4,8,111,32,143
vrm-c/UniVRM,1226,RA,RLM,L4,3,32,21,53
vrm-c/UniVRM,1363,AF,GCE,L4,2,2,2,4
vrm-c/UniVRM,1385,AF,IIV,L4,1,16,4,20
vrm-c/UniVRM,1400,AF,GCE,L5,4,60,6,66
vrm-c/UniVRM,1444,AF,IIV,L4,4,45,36,81
vrm-c/UniVRM,1466,RA,IIV,L5,3,20,12,32
vrm-c/UniVRM,1815,SD,ICFM,L2,1,10,5,15
vrm-c/UniVRM,1826,AF,GCE,L4,2,10,2,12
vrm-c/UniVRM,1909,AF,ICFM,L4,15,369,29,398
vrm-c/UniVRM,2038,RA,RLM,L5,1,1,0,1
vrm-c/UniVRM,2061,RA,ICFM,L5,2,16,6,22
vrm-c/UniVRM,2119,SD,RLM,L4,2,53,3,56
vrm-c/UniVRM,2148,AF,GCE,L3,1,17,12,29
vrm-c/UniVRM,2163,VF,GCE,L2,2,53,38,91
vrm-c/UniVRM,2319,RS,ICFM,L3,1,2,4,6
vrm-c/UniVRM,2591,SD,RLM,L3,7,181,54,235
vrm-c/UniVRM,2597,IC,IAC,L4,2,9,6,15
vrm-c/UniVRM,2600,RA,GCE,L4,4,20,19,39
vrm-c/UniVRM,2626,RA,RLM,L5,5,328,22,350
vrm-c/UniVRM,2664,RA,GCE,L4,1,5,1,6
vuer-ai/vuer,13,AF,RLM,L4,2,38,2,40
wearesimbol/simbol-world,24,VF,GCE,L5,13,41,20,61
webaverse/app,221,AF,UPF,L2,3,39,2,41
webaverse/app,314,IC,UPF,L3,14,162,60,222
webaverse/app,318,IC,UPF,L3,17,236,38,274
webaverse/app,346,AF,RLM,L3,20,428,50,478
webaverse/app,416,AF,TDI,L2,1,2,4,6
webaverse/app,420,RA,RLM,L2,1,3,1,4
webaverse/app,606,VF,UPF,L3,1,17,1,18
webaverse/app,742,SD,ICFM,L5,1,1,1,2
webaverse/app,755,SD,IIV,L4,1,6,3,9
webaverse/app,827,RA,GCE,L2,2,12,1,13
webaverse/app,1310,AF,IIV,L1,1,1,0,1
webaverse/app,1522,AF,TDI,L3,1,1,1,2
webaverse/app,1600,SD,ICFM,L2,5,142,59,201
webaverse/app,1657,SD,GCE,L2,1,10,4,14
webaverse/app,1769,RS,TDI,L2,1,1,1,2
webaverse/app,1845,SD,GCE,L2,1,2,2,4
webaverse/app,1949,SD,ICFM,L4,1,9,6,15
webaverse/app,1980,VF,ICFM,L2,1,9,4,13
webaverse/app,2031,VF,ICFM,L5,3,50,8,58
webaverse/app,2217,SD,GCE,L2,1,8,8,16
webaverse/app,2237,IC,GCE,L4,1,2,2,4
webaverse/app,2260,VF,IAC,L2,1,3,3,6
webaverse/app,2376,SD,RLM,L4,1,26,18,44
webaverse/app,2416,AF,ICFM,L3,5,154,34,188
webaverse/app,2446,AF,IIV,L3,2,8,6,14
webaverse/app,2493,AF,TDI,L2,1,1,1,2
webaverse/app,2500,AF,TDI,L2,1,1,1,2
webaverse/app,2527,IC,ICFM,L1,2,30,30,60
webaverse/app,2593,RA,UPF,L3,1,3,6,9
webaverse/app,2613,AF,RLM,L2,1,85,46,131
webaverse/app,2648,AF,ICFM,L3,1,2,2,4
webaverse/app,2683,AF,UPF,L3,1,41,0,41
webaverse/app,2704,SD,GCE,L4,1,5,13,18
webaverse/app,2848,SD,ICFM,L1,1,20,1,21
webaverse/app,2866,AF,ICFM,L2,1,1,1,2
webaverse/app,2877,IC,ICFM,L3,1,56,33,89
webaverse/app,2891,IC,IIV,L3,1,34,5,39
webaverse/app,2898,AF,IIV,L3,1,6,0,6
webaverse/app,2915,IC,IIV,L2,1,1,1,2
webaverse/app,2944,SD,ICFM,L5,1,3,4,7
webaverse/app,2949,VF,ICFM,L2,15,199,164,363
webaverse/app,3010,SD,RLM,L2,8,154,77,231
webaverse/app,3076,IC,UPF,L3,2,3,6,9
webaverse/app,3124,SD,IIV,L4,1,13,2,15
webaverse/app,3220,RS,IIV,L1,1,1,1,2
webaverse/app,3273,SD,GCE,L4,1,7,7,14
webaverse/app,3289,IC,UPF,L3,14,234,105,339
webaverse/app,3329,RA,ICFM,L2,5,51,34,85
webaverse/app,3360,SD,ICFM,L4,1,24,19,43
webaverse/app,3406,SD,ICFM,L3,3,11,11,22
webaverse/app,3412,SD,TDI,L4,1,1,1,2
webaverse/app,3424,AF,RLM,L2,3,2,5,7
webaverse/app,3426,SD,ICFM,L2,1,1,1,2
webaverse/app,3437,SD,RLM,L2,1,9,1,10
webaverse/app,3448,SD,IIV,L4,1,8,2,10
webaverse/app,3493,SD,GCE,L2,1,4,1,5
webaverse/app,3558,RA,ICFM,L2,1,22,8,30
webaverse/app,3638,SD,IIV,L5,1,5,1,6
webaverse/app,3647,SD,GCE,L4,3,50,4,54
webaverse/app,3713,SD,RLM,L3,1,1,0,1
whateverusername0/VRTRAKILL,15,VF,GCE,L5,1,3,0,3
whitewhidow/quest-sidenoder,11,AF,UPF,L3,1,3,3,6
willdavis/VRoxel,147,RA,GCE,L5,6,53,23,76
wizgrav/aframe-effects,11,AF,RLM,L4,1,13,3,16
y23586/vrchat-time-shaders,2,AF,IAC,L4,1,3,0,3
yanorei32/VRChatRejoinTool,2,SD,TDI,L5,1,1,1,2
zodiepupper/barkvr,35,VF,RLM,L5,1,3,0,3
